"Bay","Site","Quadrat","Weight_kg","Adults","Seed","Spat","Total Live","Total Dead","Month","Day","Year","Date","Period","Season"
"Pensacola","Big John Bar",1,3.47,0,0,0,0,6,7,26,2022,2022-07-26,15,"Summer"
"Pensacola","Big John Bar",2,3,0,0,0,0,4,7,26,2022,2022-07-26,15,"Summer"
"Pensacola","Big John Bar",3,3.65,0,0,0,0,4,7,26,2022,2022-07-26,15,"Summer"
"Pensacola","Big John Bar",4,2.18,0,0,0,0,2,7,26,2022,2022-07-26,15,"Summer"
"Pensacola","Big John Bar",5,1.99,0,0,0,0,3,7,26,2022,2022-07-26,15,"Summer"
"Pensacola","Big John Bar",1,3.36,0,0,0,0,3,7,26,2022,2022-07-26,15,"Summer"
"Pensacola","Big John Bar",2,3.92,0,0,0,0,3,7,26,2022,2022-07-26,15,"Summer"
"Pensacola","Big John Bar",3,3.08,0,0,0,0,3,7,26,2022,2022-07-26,15,"Summer"
"Pensacola","Big John Bar",4,4.39,0,0,0,0,6,7,26,2022,2022-07-26,15,"Summer"
"Pensacola","Big John Bar",5,3.46,0,0,0,0,2,7,26,2022,2022-07-26,15,"Summer"
"Pensacola","Big John Bar",1,1.47,0,0,0,0,2,7,26,2022,2022-07-26,15,"Summer"
"Pensacola","Big John Bar",2,1.75,0,0,0,0,0,7,26,2022,2022-07-26,15,"Summer"
"Pensacola","Big John Bar",3,1.86,0,0,0,0,2,7,26,2022,2022-07-26,15,"Summer"
"Pensacola","Big John Bar",4,1.79,0,0,0,0,0,7,26,2022,2022-07-26,15,"Summer"
"Pensacola","Big John Bar",5,1.49,0,0,0,0,2,7,26,2022,2022-07-26,15,"Summer"
"Pensacola","Boathouse Lumps",1,2.09,0,0,0,0,0,6,27,2022,2022-06-27,15,"Summer"
"Pensacola","Boathouse Lumps",2,1.64,0,0,0,0,0,6,27,2022,2022-06-27,15,"Summer"
"Pensacola","Boathouse Lumps",3,2.83,0,0,1,1,0,6,27,2022,2022-06-27,15,"Summer"
"Pensacola","Boathouse Lumps",4,2.28,0,0,0,0,0,6,27,2022,2022-06-27,15,"Summer"
"Pensacola","Boathouse Lumps",5,3.65,0,0,0,0,0,6,27,2022,2022-06-27,15,"Summer"
"Pensacola","Boathouse Lumps",1,3.47,0,0,0,0,0,6,27,2022,2022-06-27,15,"Summer"
"Pensacola","Boathouse Lumps",2,1.98,0,0,0,0,0,6,27,2022,2022-06-27,15,"Summer"
"Pensacola","Boathouse Lumps",3,4.6,0,0,4,4,4,6,27,2022,2022-06-27,15,"Summer"
"Pensacola","Boathouse Lumps",4,1.95,0,0,0,0,0,6,27,2022,2022-06-27,15,"Summer"
"Pensacola","Boathouse Lumps",5,2.01,0,0,0,0,0,6,27,2022,2022-06-27,15,"Summer"
"Pensacola","Boathouse Lumps",1,1.1,0,0,0,0,0,6,27,2022,2022-06-27,15,"Summer"
"Pensacola","Boathouse Lumps",2,1,0,0,0,0,0,6,27,2022,2022-06-27,15,"Summer"
"Pensacola","Boathouse Lumps",3,1.14,0,0,0,0,0,6,27,2022,2022-06-27,15,"Summer"
"Pensacola","Boathouse Lumps",4,0.8,0,0,0,0,0,6,27,2022,2022-06-27,15,"Summer"
"Pensacola","Boathouse Lumps",5,1.2,0,0,0,0,0,6,27,2022,2022-06-27,15,"Summer"
"Pensacola","Boathouse Lumps",1,0.99,0,0,0,0,0,6,27,2022,2022-06-27,15,"Summer"
"Pensacola","Boathouse Lumps",2,1.32,0,0,0,0,0,6,27,2022,2022-06-27,15,"Summer"
"Pensacola","Boathouse Lumps",3,0.78,0,0,0,0,0,6,27,2022,2022-06-27,15,"Summer"
"Pensacola","Boathouse Lumps",4,0.55,0,0,0,0,0,6,27,2022,2022-06-27,15,"Summer"
"Pensacola","Boathouse Lumps",5,0.53,0,0,0,0,0,6,27,2022,2022-06-27,15,"Summer"
"Pensacola","Boathouse Lumps",1,1.6,0,0,0,0,0,6,27,2022,2022-06-27,15,"Summer"
"Pensacola","Boathouse Lumps",2,1.3,0,0,0,0,0,6,27,2022,2022-06-27,15,"Summer"
"Pensacola","Boathouse Lumps",3,0.56,0,0,0,0,0,6,27,2022,2022-06-27,15,"Summer"
"Pensacola","Boathouse Lumps",4,0.77,0,0,0,0,0,6,27,2022,2022-06-27,15,"Summer"
"Pensacola","Boathouse Lumps",5,0.53,0,0,1,1,0,6,27,2022,2022-06-27,15,"Summer"
"Pensacola","Boathouse Lumps",1,1.13,0,0,0,0,0,6,27,2022,2022-06-27,15,"Summer"
"Pensacola","Boathouse Lumps",2,1,0,0,0,0,0,6,27,2022,2022-06-27,15,"Summer"
"Pensacola","Boathouse Lumps",3,0.97,0,0,0,0,0,6,27,2022,2022-06-27,15,"Summer"
"Pensacola","Boathouse Lumps",4,0.59,0,0,0,0,0,6,27,2022,2022-06-27,15,"Summer"
"Pensacola","Boathouse Lumps",5,0.99,0,0,0,0,0,6,27,2022,2022-06-27,15,"Summer"
"Pensacola","East River",1,2.39,0,1,0,1,0,7,27,2022,2022-07-27,15,"Summer"
"Pensacola","East River",2,1.74,0,3,0,3,0,7,27,2022,2022-07-27,15,"Summer"
"Pensacola","East River",3,0.6,1,1,0,2,0,7,27,2022,2022-07-27,15,"Summer"
"Pensacola","East River",4,0,0,0,0,0,0,7,27,2022,2022-07-27,15,"Summer"
"Pensacola","East River",5,0.37,0,0,0,0,0,7,27,2022,2022-07-27,15,"Summer"
"Pensacola","East River",1,0.68,1,3,0,4,0,7,27,2022,2022-07-27,15,"Summer"
"Pensacola","East River",2,0.23,0,1,0,1,0,7,27,2022,2022-07-27,15,"Summer"
"Pensacola","East River",3,0,0,0,0,0,0,7,27,2022,2022-07-27,15,"Summer"
"Pensacola","East River",4,0.09,0,0,0,0,0,7,27,2022,2022-07-27,15,"Summer"
"Pensacola","East River",5,0.53,1,1,0,2,0,7,27,2022,2022-07-27,15,"Summer"
"Pensacola","East River",1,2.55,0,0,0,0,1,7,27,2022,2022-07-27,15,"Summer"
"Pensacola","East River",2,2.63,0,1,0,1,0,7,27,2022,2022-07-27,15,"Summer"
"Pensacola","East River",3,2.43,0,0,0,0,0,7,27,2022,2022-07-27,15,"Summer"
"Pensacola","East River",4,2.39,1,1,0,2,1,7,27,2022,2022-07-27,15,"Summer"
"Pensacola","East River",5,1.9,0,0,0,0,0,7,27,2022,2022-07-27,15,"Summer"
"Pensacola","East River",1,2.3,0,0,0,0,0,7,27,2022,2022-07-27,15,"Summer"
"Pensacola","East River",2,2.67,0,0,0,0,0,7,27,2022,2022-07-27,15,"Summer"
"Pensacola","East River",3,2.56,0,2,1,3,1,7,27,2022,2022-07-27,15,"Summer"
"Pensacola","East River",4,1.99,0,0,0,0,0,7,27,2022,2022-07-27,15,"Summer"
"Pensacola","East River",5,2.03,0,0,0,0,0,7,27,2022,2022-07-27,15,"Summer"
"Pensacola","East River",1,2.4,0,0,0,0,0,7,27,2022,2022-07-27,15,"Summer"
"Pensacola","East River",2,2.64,0,1,0,1,0,7,27,2022,2022-07-27,15,"Summer"
"Pensacola","East River",3,2.49,0,2,0,2,0,7,27,2022,2022-07-27,15,"Summer"
"Pensacola","East River",4,2.33,0,2,0,2,0,7,27,2022,2022-07-27,15,"Summer"
"Pensacola","East River",5,2.55,0,2,0,2,0,7,27,2022,2022-07-27,15,"Summer"
"Pensacola","East River",1,1.57,0,0,0,0,0,7,27,2022,2022-07-27,15,"Summer"
"Pensacola","East River",2,1.72,0,0,0,0,0,7,27,2022,2022-07-27,15,"Summer"
"Pensacola","East River",3,1.74,0,1,0,1,0,7,27,2022,2022-07-27,15,"Summer"
"Pensacola","East River",4,2.24,0,0,0,0,0,7,27,2022,2022-07-27,15,"Summer"
"Pensacola","East River",5,2.17,0,0,0,0,0,7,27,2022,2022-07-27,15,"Summer"
"Pensacola","East River",1,2.09,0,0,0,0,2,7,27,2022,2022-07-27,15,"Summer"
"Pensacola","East River",2,2.82,0,0,0,0,1,7,27,2022,2022-07-27,15,"Summer"
"Pensacola","East River",3,2.78,0,0,0,0,0,7,27,2022,2022-07-27,15,"Summer"
"Pensacola","East River",4,1.92,0,0,0,0,0,7,27,2022,2022-07-27,15,"Summer"
"Pensacola","East River",5,2.67,0,0,0,0,0,7,27,2022,2022-07-27,15,"Summer"
"Pensacola","East River",1,1.04,0,0,0,0,1,7,27,2022,2022-07-27,15,"Summer"
"Pensacola","East River",2,2.12,0,0,0,0,2,7,27,2022,2022-07-27,15,"Summer"
"Pensacola","East River",3,2.81,0,0,0,0,0,7,27,2022,2022-07-27,15,"Summer"
"Pensacola","East River",4,2.31,0,0,0,0,2,7,27,2022,2022-07-27,15,"Summer"
"Pensacola","East River",5,2.24,0,0,0,0,0,7,27,2022,2022-07-27,15,"Summer"
"Pensacola","East River",1,2.8,0,0,0,0,0,7,27,2022,2022-07-27,15,"Summer"
"Pensacola","East River",2,2.55,0,0,0,0,1,7,27,2022,2022-07-27,15,"Summer"
"Pensacola","East River",3,2.5,0,0,0,0,1,7,27,2022,2022-07-27,15,"Summer"
"Pensacola","East River",4,1.43,0,0,0,0,1,7,27,2022,2022-07-27,15,"Summer"
"Pensacola","East River",5,3.03,0,0,0,0,2,7,27,2022,2022-07-27,15,"Summer"
"Pensacola","East River",1,0.69,0,0,0,0,0,7,27,2022,2022-07-27,15,"Summer"
"Pensacola","East River",2,0.53,0,0,0,0,0,7,27,2022,2022-07-27,15,"Summer"
"Pensacola","East River",3,2.27,0,0,0,0,0,7,27,2022,2022-07-27,15,"Summer"
"Pensacola","East River",4,1.64,0,0,0,0,0,7,27,2022,2022-07-27,15,"Summer"
"Pensacola","East River",5,0.92,0,0,0,0,0,7,27,2022,2022-07-27,15,"Summer"
"Pensacola","East River",1,1.77,0,0,0,0,0,7,27,2022,2022-07-27,15,"Summer"
"Pensacola","East River",2,1.46,0,0,0,0,0,7,27,2022,2022-07-27,15,"Summer"
"Pensacola","East River",3,2.4,0,0,0,0,0,7,27,2022,2022-07-27,15,"Summer"
"Pensacola","East River",4,1.08,0,0,0,0,0,7,27,2022,2022-07-27,15,"Summer"
"Pensacola","East River",5,2.23,0,0,0,0,0,7,27,2022,2022-07-27,15,"Summer"
"Pensacola","East River",1,1.49,0,0,0,0,0,7,27,2022,2022-07-27,15,"Summer"
"Pensacola","East River",2,0.83,0,0,1,1,0,7,27,2022,2022-07-27,15,"Summer"
"Pensacola","East River",3,1.51,0,0,0,0,0,7,27,2022,2022-07-27,15,"Summer"
"Pensacola","East River",4,1.12,0,0,0,0,0,7,27,2022,2022-07-27,15,"Summer"
"Pensacola","East River",5,2.4,0,0,0,0,0,7,27,2022,2022-07-27,15,"Summer"
"Pensacola","Escribano Point",1,3.62,0,1,0,1,8,6,28,2022,2022-06-28,15,"Summer"
"Pensacola","Escribano Point",2,2.98,0,1,0,1,1,6,28,2022,2022-06-28,15,"Summer"
"Pensacola","Escribano Point",3,2.83,0,2,0,2,0,6,28,2022,2022-06-28,15,"Summer"
"Pensacola","Escribano Point",4,5.94,0,0,0,0,2,6,28,2022,2022-06-28,15,"Summer"
"Pensacola","Escribano Point",5,8.61,0,0,0,0,2,6,28,2022,2022-06-28,15,"Summer"
"Pensacola","Escribano Point",1,2.28,0,2,0,2,0,6,28,2022,2022-06-28,15,"Summer"
"Pensacola","Escribano Point",2,2.43,0,0,0,0,0,6,28,2022,2022-06-28,15,"Summer"
"Pensacola","Escribano Point",3,2.73,0,1,0,1,0,6,28,2022,2022-06-28,15,"Summer"
"Pensacola","Escribano Point",4,2.56,1,0,0,1,3,6,28,2022,2022-06-28,15,"Summer"
"Pensacola","Escribano Point",5,3.01,0,0,1,1,6,6,28,2022,2022-06-28,15,"Summer"
"Pensacola","Escribano Point",1,2.73,0,2,0,2,4,6,28,2022,2022-06-28,15,"Summer"
"Pensacola","Escribano Point",2,3.99,0,1,0,1,2,6,28,2022,2022-06-28,15,"Summer"
"Pensacola","Escribano Point",3,3.93,0,0,0,0,0,6,28,2022,2022-06-28,15,"Summer"
"Pensacola","Escribano Point",4,2.57,0,0,0,0,0,6,28,2022,2022-06-28,15,"Summer"
"Pensacola","Escribano Point",5,2.44,0,1,0,1,0,6,28,2022,2022-06-28,15,"Summer"
"Pensacola","Escribano Point",1,3.78,0,3,0,3,1,6,28,2022,2022-06-28,15,"Summer"
"Pensacola","Escribano Point",2,3.9,0,2,0,2,1,6,28,2022,2022-06-28,15,"Summer"
"Pensacola","Escribano Point",3,2.35,2,2,0,4,0,6,28,2022,2022-06-28,15,"Summer"
"Pensacola","Escribano Point",4,2.27,1,4,0,5,0,6,28,2022,2022-06-28,15,"Summer"
"Pensacola","Escribano Point",5,2.44,1,3,0,4,0,6,28,2022,2022-06-28,15,"Summer"
"Pensacola","Escribano Point",1,2.33,0,1,0,1,0,6,28,2022,2022-06-28,15,"Summer"
"Pensacola","Escribano Point",2,3.27,0,3,0,3,0,6,28,2022,2022-06-28,15,"Summer"
"Pensacola","Escribano Point",3,2.01,0,2,0,2,0,6,28,2022,2022-06-28,15,"Summer"
"Pensacola","Escribano Point",4,2.6,0,4,0,4,0,6,28,2022,2022-06-28,15,"Summer"
"Pensacola","Escribano Point",5,1.83,0,2,0,2,0,6,28,2022,2022-06-28,15,"Summer"
"Pensacola","Escribano Point",1,2.66,0,2,0,2,2,6,28,2022,2022-06-28,15,"Summer"
"Pensacola","Escribano Point",2,2.91,0,2,0,2,0,6,28,2022,2022-06-28,15,"Summer"
"Pensacola","Escribano Point",3,2.2,0,1,0,1,1,6,28,2022,2022-06-28,15,"Summer"
"Pensacola","Escribano Point",4,2.84,0,6,0,6,0,6,28,2022,2022-06-28,15,"Summer"
"Pensacola","Escribano Point",5,2.95,0,4,0,4,2,6,28,2022,2022-06-28,15,"Summer"
"Pensacola","Half Moon Bar",1,1.8,0,0,1,1,0,7,26,2022,2022-07-26,15,"Summer"
"Pensacola","Half Moon Bar",2,2.62,0,0,0,0,0,7,26,2022,2022-07-26,15,"Summer"
"Pensacola","Half Moon Bar",3,2.59,0,0,0,0,0,7,26,2022,2022-07-26,15,"Summer"
"Pensacola","Half Moon Bar",4,3.68,0,0,0,0,0,7,26,2022,2022-07-26,15,"Summer"
"Pensacola","Half Moon Bar",5,2.49,0,0,0,0,0,7,26,2022,2022-07-26,15,"Summer"
"Pensacola","Half Moon Bar",1,2.09,0,0,0,0,0,7,26,2022,2022-07-26,15,"Summer"
"Pensacola","Half Moon Bar",2,2.49,0,0,0,0,0,7,26,2022,2022-07-26,15,"Summer"
"Pensacola","Half Moon Bar",3,2.99,0,0,0,0,0,7,26,2022,2022-07-26,15,"Summer"
"Pensacola","Half Moon Bar",4,2.93,0,0,0,0,0,7,26,2022,2022-07-26,15,"Summer"
"Pensacola","Half Moon Bar",5,2.51,0,0,0,0,0,7,26,2022,2022-07-26,15,"Summer"
"Pensacola","Half Moon Bar",1,1.68,0,0,0,0,0,7,26,2022,2022-07-26,15,"Summer"
"Pensacola","Half Moon Bar",2,2.32,0,0,0,0,0,7,26,2022,2022-07-26,15,"Summer"
"Pensacola","Half Moon Bar",3,1.17,0,0,0,0,0,7,26,2022,2022-07-26,15,"Summer"
"Pensacola","Half Moon Bar",4,1.69,0,0,0,0,0,7,26,2022,2022-07-26,15,"Summer"
"Pensacola","Half Moon Bar",5,2.23,0,0,0,0,0,7,26,2022,2022-07-26,15,"Summer"
"Pensacola","Mussel Beds",1,0.48,0,0,0,0,0,6,28,2022,2022-06-28,15,"Summer"
"Pensacola","Mussel Beds",2,0.42,0,0,0,0,0,6,28,2022,2022-06-28,15,"Summer"
"Pensacola","Mussel Beds",3,0.32,0,0,0,0,0,6,28,2022,2022-06-28,15,"Summer"
"Pensacola","Mussel Beds",4,0.26,0,0,0,0,0,6,28,2022,2022-06-28,15,"Summer"
"Pensacola","Mussel Beds",5,0.22,0,0,0,0,0,6,28,2022,2022-06-28,15,"Summer"
"Pensacola","Mussel Beds",1,0.39,0,0,0,0,0,6,28,2022,2022-06-28,15,"Summer"
"Pensacola","Mussel Beds",2,0.64,0,0,0,0,0,6,28,2022,2022-06-28,15,"Summer"
"Pensacola","Mussel Beds",3,0.49,0,0,1,1,0,6,28,2022,2022-06-28,15,"Summer"
"Pensacola","Mussel Beds",4,0.41,0,0,0,0,0,6,28,2022,2022-06-28,15,"Summer"
"Pensacola","Mussel Beds",5,0.34,0,0,0,0,0,6,28,2022,2022-06-28,15,"Summer"
"Pensacola","Mussel Beds",1,0.43,0,0,0,0,0,6,28,2022,2022-06-28,15,"Summer"
"Pensacola","Mussel Beds",2,0.34,0,0,0,0,0,6,28,2022,2022-06-28,15,"Summer"
"Pensacola","Mussel Beds",3,0.32,0,0,0,0,0,6,28,2022,2022-06-28,15,"Summer"
"Pensacola","Mussel Beds",4,0.24,0,0,0,0,0,6,28,2022,2022-06-28,15,"Summer"
"Pensacola","Mussel Beds",5,0.38,0,0,0,0,0,6,28,2022,2022-06-28,15,"Summer"
"Pensacola","No Name Bar",1,1.52,0,0,0,0,0,6,28,2022,2022-06-28,15,"Summer"
"Pensacola","No Name Bar",2,2.09,0,3,0,3,1,6,28,2022,2022-06-28,15,"Summer"
"Pensacola","No Name Bar",3,2.29,0,0,2,2,0,6,28,2022,2022-06-28,15,"Summer"
"Pensacola","No Name Bar",4,0.62,0,0,0,0,0,6,28,2022,2022-06-28,15,"Summer"
"Pensacola","No Name Bar",5,0.62,0,0,0,0,1,6,28,2022,2022-06-28,15,"Summer"
"Pensacola","No Name Bar",1,0.92,1,0,0,1,0,6,28,2022,2022-06-28,15,"Summer"
"Pensacola","No Name Bar",2,0.86,1,1,0,2,0,6,28,2022,2022-06-28,15,"Summer"
"Pensacola","No Name Bar",3,1.65,1,0,1,2,0,6,28,2022,2022-06-28,15,"Summer"
"Pensacola","No Name Bar",4,1.15,1,0,0,1,0,6,28,2022,2022-06-28,15,"Summer"
"Pensacola","No Name Bar",5,1.08,0,1,0,1,0,6,28,2022,2022-06-28,15,"Summer"
"Pensacola","No Name Bar",1,2.32,1,1,0,2,0,6,28,2022,2022-06-28,15,"Summer"
"Pensacola","No Name Bar",2,1.99,0,0,0,0,0,6,28,2022,2022-06-28,15,"Summer"
"Pensacola","No Name Bar",3,0.9,0,0,0,0,0,6,28,2022,2022-06-28,15,"Summer"
"Pensacola","No Name Bar",4,1.22,0,1,2,3,0,6,28,2022,2022-06-28,15,"Summer"
"Pensacola","No Name Bar",5,0.47,0,0,0,0,0,6,28,2022,2022-06-28,15,"Summer"
"Pensacola","Point No Point Bar",1,0.95,0,0,0,0,0,6,28,2022,2022-06-28,15,"Summer"
"Pensacola","Point No Point Bar",2,0.9,0,0,0,0,0,6,28,2022,2022-06-28,15,"Summer"
"Pensacola","Point No Point Bar",3,1,0,0,0,0,0,6,28,2022,2022-06-28,15,"Summer"
"Pensacola","Point No Point Bar",4,0.32,0,0,0,0,0,6,28,2022,2022-06-28,15,"Summer"
"Pensacola","Point No Point Bar",5,1.08,0,0,0,0,0,6,28,2022,2022-06-28,15,"Summer"
"Pensacola","Point No Point Bar",1,0.16,0,0,0,0,0,6,28,2022,2022-06-28,15,"Summer"
"Pensacola","Point No Point Bar",2,0.07,0,0,0,0,0,6,28,2022,2022-06-28,15,"Summer"
"Pensacola","Point No Point Bar",3,0,0,0,0,0,0,6,28,2022,2022-06-28,15,"Summer"
"Pensacola","Point No Point Bar",4,0,0,0,0,0,0,6,28,2022,2022-06-28,15,"Summer"
"Pensacola","Point No Point Bar",5,0,0,0,0,0,0,6,28,2022,2022-06-28,15,"Summer"
"Pensacola","Point No Point Bar",1,0,0,0,0,0,0,6,28,2022,2022-06-28,15,"Summer"
"Pensacola","Point No Point Bar",2,0,0,0,0,0,0,6,28,2022,2022-06-28,15,"Summer"
"Pensacola","Point No Point Bar",3,0,0,0,0,0,0,6,28,2022,2022-06-28,15,"Summer"
"Pensacola","Point No Point Bar",4,0,0,0,0,0,0,6,28,2022,2022-06-28,15,"Summer"
"Pensacola","Point No Point Bar",5,0,0,0,0,0,0,6,28,2022,2022-06-28,15,"Summer"
"Pensacola","Square Bar",1,1.97,0,0,0,0,0,7,26,2022,2022-07-26,15,"Summer"
"Pensacola","Square Bar",2,1.2,0,0,0,0,0,7,26,2022,2022-07-26,15,"Summer"
"Pensacola","Square Bar",3,2.06,0,0,0,0,0,7,26,2022,2022-07-26,15,"Summer"
"Pensacola","Square Bar",4,3.82,0,0,0,0,0,7,26,2022,2022-07-26,15,"Summer"
"Pensacola","Square Bar",5,3.04,0,0,0,0,0,7,26,2022,2022-07-26,15,"Summer"
"Pensacola","Square Bar",1,0.53,0,0,0,0,0,7,26,2022,2022-07-26,15,"Summer"
"Pensacola","Square Bar",2,0.84,0,0,0,0,0,7,26,2022,2022-07-26,15,"Summer"
"Pensacola","Square Bar",3,0.25,0,0,0,0,0,7,26,2022,2022-07-26,15,"Summer"
"Pensacola","Square Bar",4,0.83,0,0,0,0,0,7,26,2022,2022-07-26,15,"Summer"
"Pensacola","Square Bar",5,1.02,0,0,0,0,0,7,26,2022,2022-07-26,15,"Summer"
"Pensacola","Square Bar",1,2.61,0,0,0,0,0,7,26,2022,2022-07-26,15,"Summer"
"Pensacola","Square Bar",2,3.93,0,0,0,0,0,7,26,2022,2022-07-26,15,"Summer"
"Pensacola","Square Bar",3,1.31,0,0,0,0,0,7,26,2022,2022-07-26,15,"Summer"
"Pensacola","Square Bar",4,2.52,0,0,1,1,0,7,26,2022,2022-07-26,15,"Summer"
"Pensacola","Square Bar",5,2.33,0,0,0,0,0,7,26,2022,2022-07-26,15,"Summer"
"Pensacola","Trout Bayou",1,0.57,0,0,0,0,0,6,27,2022,2022-06-27,15,"Summer"
"Pensacola","Trout Bayou",2,0.3,0,0,0,0,0,6,27,2022,2022-06-27,15,"Summer"
"Pensacola","Trout Bayou",3,0.24,0,0,1,1,0,6,27,2022,2022-06-27,15,"Summer"
"Pensacola","Trout Bayou",4,0.28,0,0,0,0,0,6,27,2022,2022-06-27,15,"Summer"
"Pensacola","Trout Bayou",5,0.22,0,0,0,0,0,6,27,2022,2022-06-27,15,"Summer"
"Pensacola","Trout Bayou",1,0.55,0,0,0,0,0,6,27,2022,2022-06-27,15,"Summer"
"Pensacola","Trout Bayou",2,0,0,0,0,0,0,6,27,2022,2022-06-27,15,"Summer"
"Pensacola","Trout Bayou",3,0.18,0,0,0,0,0,6,27,2022,2022-06-27,15,"Summer"
"Pensacola","Trout Bayou",4,0.12,0,0,0,0,0,6,27,2022,2022-06-27,15,"Summer"
"Pensacola","Trout Bayou",5,0.52,0,0,0,0,0,6,27,2022,2022-06-27,15,"Summer"
"Pensacola","Trout Bayou",1,0.34,0,0,0,0,0,6,27,2022,2022-06-27,15,"Summer"
"Pensacola","Trout Bayou",2,0.43,0,0,0,0,0,6,27,2022,2022-06-27,15,"Summer"
"Pensacola","Trout Bayou",3,0.22,0,0,0,0,0,6,27,2022,2022-06-27,15,"Summer"
"Pensacola","Trout Bayou",4,0.27,0,0,0,0,0,6,27,2022,2022-06-27,15,"Summer"
"Pensacola","Trout Bayou",5,0,0,0,0,0,0,6,27,2022,2022-06-27,15,"Summer"
"Pensacola","Trout Bayou",1,3.76,0,2,0,2,0,6,27,2022,2022-06-27,15,"Summer"
"Pensacola","Trout Bayou",2,2.99,0,2,3,5,1,6,27,2022,2022-06-27,15,"Summer"
"Pensacola","Trout Bayou",3,2.57,0,1,1,2,1,6,27,2022,2022-06-27,15,"Summer"
"Pensacola","Trout Bayou",4,2.16,0,2,0,2,0,6,27,2022,2022-06-27,15,"Summer"
"Pensacola","Trout Bayou",5,2.02,0,2,0,2,0,6,27,2022,2022-06-27,15,"Summer"
"Pensacola","Trout Bayou",1,3.04,0,0,1,1,0,6,27,2022,2022-06-27,15,"Summer"
"Pensacola","Trout Bayou",2,2.53,0,0,0,0,0,6,27,2022,2022-06-27,15,"Summer"
"Pensacola","Trout Bayou",3,2.82,0,0,1,1,0,6,27,2022,2022-06-27,15,"Summer"
"Pensacola","Trout Bayou",4,2.43,0,0,1,1,0,6,27,2022,2022-06-27,15,"Summer"
"Pensacola","Trout Bayou",5,1.95,0,1,0,1,1,6,27,2022,2022-06-27,15,"Summer"
"Pensacola","Trout Bayou",1,1.9,0,2,0,2,0,6,27,2022,2022-06-27,15,"Summer"
"Pensacola","Trout Bayou",2,1.84,0,3,0,3,0,6,27,2022,2022-06-27,15,"Summer"
"Pensacola","Trout Bayou",3,1.48,0,2,0,2,0,6,27,2022,2022-06-27,15,"Summer"
"Pensacola","Trout Bayou",4,1.34,0,0,0,0,1,6,27,2022,2022-06-27,15,"Summer"
"Pensacola","Trout Bayou",5,1.48,0,0,1,1,1,6,27,2022,2022-06-27,15,"Summer"
"Pensacola","Trout Bayou",1,2.83,0,4,0,4,0,6,27,2022,2022-06-27,15,"Summer"
"Pensacola","Trout Bayou",2,1.99,0,2,0,2,0,6,27,2022,2022-06-27,15,"Summer"
"Pensacola","Trout Bayou",3,3.21,1,2,2,5,0,6,27,2022,2022-06-27,15,"Summer"
"Pensacola","Trout Bayou",4,2.29,0,1,0,1,0,6,27,2022,2022-06-27,15,"Summer"
"Pensacola","Trout Bayou",5,2.5,0,1,4,5,1,6,27,2022,2022-06-27,15,"Summer"
"Pensacola","Trout Bayou",1,1.66,0,2,0,2,1,6,27,2022,2022-06-27,15,"Summer"
"Pensacola","Trout Bayou",2,1.97,0,0,3,3,0,6,27,2022,2022-06-27,15,"Summer"
"Pensacola","Trout Bayou",3,1.94,0,1,2,3,0,6,27,2022,2022-06-27,15,"Summer"
"Pensacola","Trout Bayou",4,1.32,0,0,0,0,0,6,27,2022,2022-06-27,15,"Summer"
"Pensacola","Trout Bayou",5,1.88,0,0,0,0,0,6,27,2022,2022-06-27,15,"Summer"
"Pensacola","Trout Bayou",1,1.61,0,0,1,1,0,6,27,2022,2022-06-27,15,"Summer"
"Pensacola","Trout Bayou",2,2.28,0,1,0,1,0,6,27,2022,2022-06-27,15,"Summer"
"Pensacola","Trout Bayou",3,1.93,0,1,0,1,0,6,27,2022,2022-06-27,15,"Summer"
"Pensacola","Trout Bayou",4,2.52,1,1,1,3,0,6,27,2022,2022-06-27,15,"Summer"
"Pensacola","Trout Bayou",5,2.08,0,0,1,1,0,6,27,2022,2022-06-27,15,"Summer"
"Pensacola","White Point Bar",1,2.39,0,0,0,0,1,7,26,2022,2022-07-26,15,"Summer"
"Pensacola","White Point Bar",2,2.49,0,1,0,1,0,7,26,2022,2022-07-26,15,"Summer"
"Pensacola","White Point Bar",3,2.83,0,2,0,2,0,7,26,2022,2022-07-26,15,"Summer"
"Pensacola","White Point Bar",4,2.1,0,1,0,1,0,7,26,2022,2022-07-26,15,"Summer"
"Pensacola","White Point Bar",5,2.54,0,3,0,3,0,7,26,2022,2022-07-26,15,"Summer"
"Pensacola","White Point Bar",1,2.45,0,0,0,0,1,7,26,2022,2022-07-26,15,"Summer"
"Pensacola","White Point Bar",2,2.6,0,0,0,0,0,7,26,2022,2022-07-26,15,"Summer"
"Pensacola","White Point Bar",3,1.38,0,0,0,0,1,7,26,2022,2022-07-26,15,"Summer"
"Pensacola","White Point Bar",4,2.33,0,1,0,1,0,7,26,2022,2022-07-26,15,"Summer"
"Pensacola","White Point Bar",5,3.25,0,0,0,0,0,7,26,2022,2022-07-26,15,"Summer"
"Pensacola","White Point Bar",1,1.69,0,0,0,0,0,7,26,2022,2022-07-26,15,"Summer"
"Pensacola","White Point Bar",2,1.86,0,0,0,0,0,7,26,2022,2022-07-26,15,"Summer"
"Pensacola","White Point Bar",3,2.28,0,0,0,0,0,7,26,2022,2022-07-26,15,"Summer"
"Pensacola","White Point Bar",4,2.27,0,1,0,1,0,7,26,2022,2022-07-26,15,"Summer"
"Pensacola","White Point Bar",5,2.22,0,0,0,0,0,7,26,2022,2022-07-26,15,"Summer"
"Pensacola","White Point Bar",1,2.46,0,1,0,1,0,7,26,2022,2022-07-26,15,"Summer"
"Pensacola","White Point Bar",2,1.61,0,2,0,2,0,7,26,2022,2022-07-26,15,"Summer"
"Pensacola","White Point Bar",3,1.79,0,0,0,0,0,7,26,2022,2022-07-26,15,"Summer"
"Pensacola","White Point Bar",4,2.56,0,2,0,2,1,7,26,2022,2022-07-26,15,"Summer"
"Pensacola","White Point Bar",5,2.07,0,0,0,0,0,7,26,2022,2022-07-26,15,"Summer"
"Pensacola","White Point Bar",1,2.51,0,0,0,0,0,7,26,2022,2022-07-26,15,"Summer"
"Pensacola","White Point Bar",2,2.83,0,1,0,1,0,7,26,2022,2022-07-26,15,"Summer"
"Pensacola","White Point Bar",3,2.82,0,1,0,1,0,7,26,2022,2022-07-26,15,"Summer"
"Pensacola","White Point Bar",4,2.74,0,0,0,0,0,7,26,2022,2022-07-26,15,"Summer"
"Pensacola","White Point Bar",5,3.19,0,0,0,0,0,7,26,2022,2022-07-26,15,"Summer"
"Pensacola","White Point Bar",1,2.31,0,2,2,4,0,7,26,2022,2022-07-26,15,"Summer"
"Pensacola","White Point Bar",2,1.81,0,4,1,5,0,7,26,2022,2022-07-26,15,"Summer"
"Pensacola","White Point Bar",3,1.94,0,6,0,6,0,7,26,2022,2022-07-26,15,"Summer"
"Pensacola","White Point Bar",4,2.17,0,1,0,1,0,7,26,2022,2022-07-26,15,"Summer"
"Pensacola","White Point Bar",5,1.66,0,1,0,1,0,7,26,2022,2022-07-26,15,"Summer"
"Pensacola","East River",1,1.15,0,3,5,8,3,11,21,2019,2019-11-21,10,"Winter"
"Pensacola","East River",2,0.81,0,3,4,7,0,11,21,2019,2019-11-21,10,"Winter"
"Pensacola","East River",3,1.24,1,2,2,5,0,11,21,2019,2019-11-21,10,"Winter"
"Pensacola","East River",4,2.19,1,19,8,28,2,11,21,2019,2019-11-21,10,"Winter"
"Pensacola","East River",5,1.72,0,14,10,24,3,11,21,2019,2019-11-21,10,"Winter"
"Pensacola","East River",1,1.37,0,5,4,9,0,11,21,2019,2019-11-21,10,"Winter"
"Pensacola","East River",2,1.43,0,7,6,13,0,11,21,2019,2019-11-21,10,"Winter"
"Pensacola","East River",3,1.66,0,6,4,10,1,11,21,2019,2019-11-21,10,"Winter"
"Pensacola","East River",4,4.61,0,25,13,38,7,11,21,2019,2019-11-21,10,"Winter"
"Pensacola","East River",5,4.88,0,18,18,36,2,11,21,2019,2019-11-21,10,"Winter"
"Pensacola","East River",1,1.8,0,8,7,15,3,11,21,2019,2019-11-21,10,"Winter"
"Pensacola","East River",2,1.95,0,10,10,20,0,11,21,2019,2019-11-21,10,"Winter"
"Pensacola","East River",3,2.02,1,15,11,27,3,11,21,2019,2019-11-21,10,"Winter"
"Pensacola","East River",4,1.81,0,5,10,15,1,11,21,2019,2019-11-21,10,"Winter"
"Pensacola","East River",5,1.63,0,4,4,8,1,11,21,2019,2019-11-21,10,"Winter"
"Pensacola","East River",1,5.68,0,28,63,91,11,11,21,2019,2019-11-21,10,"Winter"
"Pensacola","East River",2,6.08,0,11,43,54,9,11,21,2019,2019-11-21,10,"Winter"
"Pensacola","East River",3,4.41,0,15,39,54,3,11,21,2019,2019-11-21,10,"Winter"
"Pensacola","East River",4,4.75,0,24,46,70,2,11,21,2019,2019-11-21,10,"Winter"
"Pensacola","East River",5,9.27,0,14,76,90,12,11,21,2019,2019-11-21,10,"Winter"
"Pensacola","East River",1,2.28,0,14,55,69,3,11,21,2019,2019-11-21,10,"Winter"
"Pensacola","East River",2,1.98,0,20,37,57,2,11,21,2019,2019-11-21,10,"Winter"
"Pensacola","East River",3,4.48,0,25,63,88,9,11,21,2019,2019-11-21,10,"Winter"
"Pensacola","East River",4,3.13,0,13,47,60,3,11,21,2019,2019-11-21,10,"Winter"
"Pensacola","East River",5,3.71,0,14,53,67,3,11,21,2019,2019-11-21,10,"Winter"
"Pensacola","East River",1,1.81,0,11,25,36,7,11,21,2019,2019-11-21,10,"Winter"
"Pensacola","East River",2,1.95,0,13,20,33,3,11,21,2019,2019-11-21,10,"Winter"
"Pensacola","East River",3,1.98,0,9,31,40,2,11,21,2019,2019-11-21,10,"Winter"
"Pensacola","East River",4,2.25,0,10,31,41,1,11,21,2019,2019-11-21,10,"Winter"
"Pensacola","East River",5,2.52,1,15,22,38,1,11,21,2019,2019-11-21,10,"Winter"
"Pensacola","East River",1,0,0,0,0,0,0,11,21,2019,2019-11-21,10,"Winter"
"Pensacola","East River",2,0,0,0,0,0,0,11,21,2019,2019-11-21,10,"Winter"
"Pensacola","East River",3,0.12,0,0,0,0,0,11,21,2019,2019-11-21,10,"Winter"
"Pensacola","East River",4,0.12,0,1,0,1,0,11,21,2019,2019-11-21,10,"Winter"
"Pensacola","East River",5,0.24,0,2,1,3,0,11,21,2019,2019-11-21,10,"Winter"
"Pensacola","East River",1,0.19,0,1,2,3,0,11,21,2019,2019-11-21,10,"Winter"
"Pensacola","East River",2,0,0,0,0,0,0,11,21,2019,2019-11-21,10,"Winter"
"Pensacola","East River",3,0,0,0,0,0,0,11,21,2019,2019-11-21,10,"Winter"
"Pensacola","East River",4,0.25,1,0,0,1,0,11,21,2019,2019-11-21,10,"Winter"
"Pensacola","East River",5,0.19,0,0,2,2,0,11,21,2019,2019-11-21,10,"Winter"
"Pensacola","East River",1,0.24,1,0,0,1,0,11,21,2019,2019-11-21,10,"Winter"
"Pensacola","East River",2,0.08,0,0,0,0,0,11,21,2019,2019-11-21,10,"Winter"
"Pensacola","East River",3,0.3,1,1,0,2,0,11,21,2019,2019-11-21,10,"Winter"
"Pensacola","East River",4,0.39,2,1,0,3,0,11,21,2019,2019-11-21,10,"Winter"
"Pensacola","East River",5,0,0,0,0,0,0,11,21,2019,2019-11-21,10,"Winter"
"Pensacola","East River",1,3.8,0,17,15,32,1,11,21,2019,2019-11-21,10,"Winter"
"Pensacola","East River",2,3.09,0,20,34,54,0,11,21,2019,2019-11-21,10,"Winter"
"Pensacola","East River",3,3.82,0,14,22,36,0,11,21,2019,2019-11-21,10,"Winter"
"Pensacola","East River",4,3.58,0,17,24,41,2,11,21,2019,2019-11-21,10,"Winter"
"Pensacola","East River",5,4.25,0,30,80,110,6,11,21,2019,2019-11-21,10,"Winter"
"Pensacola","East River",1,3.94,0,27,32,59,2,11,21,2019,2019-11-21,10,"Winter"
"Pensacola","East River",2,3.58,0,25,31,56,2,11,21,2019,2019-11-21,10,"Winter"
"Pensacola","East River",3,2.14,0,18,55,73,3,11,21,2019,2019-11-21,10,"Winter"
"Pensacola","East River",4,2.29,0,18,48,66,0,11,21,2019,2019-11-21,10,"Winter"
"Pensacola","East River",5,2.25,0,23,41,64,7,11,21,2019,2019-11-21,10,"Winter"
"Pensacola","East River",1,2.44,0,16,33,49,3,11,21,2019,2019-11-21,10,"Winter"
"Pensacola","East River",2,2.6,1,22,23,46,1,11,21,2019,2019-11-21,10,"Winter"
"Pensacola","East River",3,2.71,0,22,34,56,3,11,21,2019,2019-11-21,10,"Winter"
"Pensacola","East River",4,2.85,0,14,27,41,4,11,21,2019,2019-11-21,10,"Winter"
"Pensacola","East River",5,3.29,0,28,30,58,1,11,21,2019,2019-11-21,10,"Winter"
"Pensacola","Half Moon Bar",1,2.46,0,0,9,9,3,11,20,2019,2019-11-20,10,"Winter"
"Pensacola","Half Moon Bar",2,1.88,0,0,3,3,1,11,20,2019,2019-11-20,10,"Winter"
"Pensacola","Half Moon Bar",3,2.6,0,0,9,9,0,11,20,2019,2019-11-20,10,"Winter"
"Pensacola","Half Moon Bar",4,2.37,0,0,4,4,0,11,20,2019,2019-11-20,10,"Winter"
"Pensacola","Half Moon Bar",5,2.19,0,0,11,11,1,11,20,2019,2019-11-20,10,"Winter"
"Pensacola","Half Moon Bar",1,2.4,0,0,11,11,3,11,20,2019,2019-11-20,10,"Winter"
"Pensacola","Half Moon Bar",2,3.05,0,0,6,6,1,11,20,2019,2019-11-20,10,"Winter"
"Pensacola","Half Moon Bar",3,4.08,0,0,8,8,3,11,20,2019,2019-11-20,10,"Winter"
"Pensacola","Half Moon Bar",4,3.43,0,0,8,8,9,11,20,2019,2019-11-20,10,"Winter"
"Pensacola","Half Moon Bar",5,3.9,0,0,7,7,3,11,20,2019,2019-11-20,10,"Winter"
"Pensacola","Half Moon Bar",1,3.4,0,0,17,17,6,11,20,2019,2019-11-20,10,"Winter"
"Pensacola","Half Moon Bar",2,3.54,0,0,16,16,2,11,20,2019,2019-11-20,10,"Winter"
"Pensacola","Half Moon Bar",3,3.91,0,0,16,16,3,11,20,2019,2019-11-20,10,"Winter"
"Pensacola","Half Moon Bar",4,4.05,0,0,10,10,8,11,20,2019,2019-11-20,10,"Winter"
"Pensacola","Half Moon Bar",5,4.55,0,0,12,12,3,11,20,2019,2019-11-20,10,"Winter"
"Pensacola","Boathouse Lumps",1,2.29,0,0,1,1,1,11,18,2019,2019-11-18,10,"Winter"
"Pensacola","Boathouse Lumps",2,2.79,0,0,1,1,0,11,18,2019,2019-11-18,10,"Winter"
"Pensacola","Boathouse Lumps",3,3.48,0,0,2,2,4,11,18,2019,2019-11-18,10,"Winter"
"Pensacola","Boathouse Lumps",4,3.42,0,0,4,4,15,11,18,2019,2019-11-18,10,"Winter"
"Pensacola","Boathouse Lumps",5,2.46,0,0,6,6,12,11,18,2019,2019-11-18,10,"Winter"
"Pensacola","Boathouse Lumps",1,2.07,0,0,2,2,1,11,18,2019,2019-11-18,10,"Winter"
"Pensacola","Boathouse Lumps",2,2.83,0,0,6,6,3,11,18,2019,2019-11-18,10,"Winter"
"Pensacola","Boathouse Lumps",3,1.98,0,0,4,4,3,11,18,2019,2019-11-18,10,"Winter"
"Pensacola","Boathouse Lumps",4,2.7,0,0,4,4,12,11,18,2019,2019-11-18,10,"Winter"
"Pensacola","Boathouse Lumps",5,2.06,0,0,11,11,10,11,18,2019,2019-11-18,10,"Winter"
"Pensacola","Boathouse Lumps",1,2.56,0,0,9,9,14,11,18,2019,2019-11-18,10,"Winter"
"Pensacola","Boathouse Lumps",2,2.11,0,0,10,10,22,11,18,2019,2019-11-18,10,"Winter"
"Pensacola","Boathouse Lumps",3,2.91,0,0,5,5,2,11,18,2019,2019-11-18,10,"Winter"
"Pensacola","Boathouse Lumps",4,2.46,0,0,27,27,51,11,18,2019,2019-11-18,10,"Winter"
"Pensacola","Boathouse Lumps",5,3.22,0,0,4,4,15,11,18,2019,2019-11-18,10,"Winter"
"Pensacola","Trout Bayou",1,0,0,0,0,0,0,11,18,2019,2019-11-18,10,"Winter"
"Pensacola","Trout Bayou",2,0,0,0,0,0,0,11,18,2019,2019-11-18,10,"Winter"
"Pensacola","Trout Bayou",3,0,0,0,0,0,0,11,18,2019,2019-11-18,10,"Winter"
"Pensacola","Trout Bayou",4,0.29,0,0,0,0,0,11,18,2019,2019-11-18,10,"Winter"
"Pensacola","Trout Bayou",5,0,0,0,0,0,0,11,18,2019,2019-11-18,10,"Winter"
"Pensacola","Trout Bayou",1,0,0,0,0,0,0,11,18,2019,2019-11-18,10,"Winter"
"Pensacola","Trout Bayou",2,0,0,0,0,0,0,11,18,2019,2019-11-18,10,"Winter"
"Pensacola","Trout Bayou",3,0.33,0,0,0,0,0,11,18,2019,2019-11-18,10,"Winter"
"Pensacola","Trout Bayou",4,0,0,0,0,0,0,11,18,2019,2019-11-18,10,"Winter"
"Pensacola","Trout Bayou",5,0,0,0,0,0,0,11,18,2019,2019-11-18,10,"Winter"
"Pensacola","Trout Bayou",1,0,0,0,0,0,0,11,18,2019,2019-11-18,10,"Winter"
"Pensacola","Trout Bayou",2,0,0,0,0,0,0,11,18,2019,2019-11-18,10,"Winter"
"Pensacola","Trout Bayou",3,0,0,0,0,0,0,11,18,2019,2019-11-18,10,"Winter"
"Pensacola","Trout Bayou",4,0,0,0,0,0,0,11,18,2019,2019-11-18,10,"Winter"
"Pensacola","Trout Bayou",5,0,0,0,0,0,0,11,18,2019,2019-11-18,10,"Winter"
"Pensacola","Boathouse Lumps",1,0.62,0,0,0,0,0,11,18,2019,2019-11-18,10,"Winter"
"Pensacola","Boathouse Lumps",2,0.87,0,0,0,0,0,11,18,2019,2019-11-18,10,"Winter"
"Pensacola","Boathouse Lumps",3,1.3,0,0,3,3,0,11,18,2019,2019-11-18,10,"Winter"
"Pensacola","Boathouse Lumps",4,0.92,0,0,1,1,0,11,18,2019,2019-11-18,10,"Winter"
"Pensacola","Boathouse Lumps",5,1.29,0,0,1,1,1,11,18,2019,2019-11-18,10,"Winter"
"Pensacola","Boathouse Lumps",1,1.41,0,0,2,2,9,11,18,2019,2019-11-18,10,"Winter"
"Pensacola","Boathouse Lumps",2,0.93,0,0,0,0,2,11,18,2019,2019-11-18,10,"Winter"
"Pensacola","Boathouse Lumps",3,0.93,0,0,1,1,0,11,18,2019,2019-11-18,10,"Winter"
"Pensacola","Boathouse Lumps",4,0.84,0,0,0,0,0,11,18,2019,2019-11-18,10,"Winter"
"Pensacola","Boathouse Lumps",5,0.78,0,0,0,0,0,11,18,2019,2019-11-18,10,"Winter"
"Pensacola","Boathouse Lumps",1,0.9,0,0,2,2,1,11,18,2019,2019-11-18,10,"Winter"
"Pensacola","Boathouse Lumps",2,0.93,0,0,1,1,0,11,18,2019,2019-11-18,10,"Winter"
"Pensacola","Boathouse Lumps",3,0.82,0,0,0,0,0,11,18,2019,2019-11-18,10,"Winter"
"Pensacola","Boathouse Lumps",4,1.03,0,0,0,0,1,11,18,2019,2019-11-18,10,"Winter"
"Pensacola","Boathouse Lumps",5,0.98,0,0,1,1,0,11,18,2019,2019-11-18,10,"Winter"
"Pensacola","Point No Point Bar",1,0.2,0,1,2,3,0,11,19,2019,2019-11-19,10,"Winter"
"Pensacola","Point No Point Bar",2,0.17,0,1,1,2,0,11,19,2019,2019-11-19,10,"Winter"
"Pensacola","Point No Point Bar",3,0.12,0,0,0,0,0,11,19,2019,2019-11-19,10,"Winter"
"Pensacola","Point No Point Bar",4,0.26,0,2,0,2,0,11,19,2019,2019-11-19,10,"Winter"
"Pensacola","Point No Point Bar",5,0.44,0,3,4,7,0,11,19,2019,2019-11-19,10,"Winter"
"Pensacola","Point No Point Bar",1,0.54,0,3,3,6,0,11,19,2019,2019-11-19,10,"Winter"
"Pensacola","Point No Point Bar",2,0.61,0,7,1,8,0,11,19,2019,2019-11-19,10,"Winter"
"Pensacola","Point No Point Bar",3,0.41,0,3,3,6,4,11,19,2019,2019-11-19,10,"Winter"
"Pensacola","Point No Point Bar",4,0.32,0,0,0,0,0,11,19,2019,2019-11-19,10,"Winter"
"Pensacola","Point No Point Bar",5,0.63,0,3,2,5,0,11,19,2019,2019-11-19,10,"Winter"
"Pensacola","Point No Point Bar",1,0.44,0,1,4,5,0,11,19,2019,2019-11-19,10,"Winter"
"Pensacola","Point No Point Bar",2,0.55,0,5,7,12,0,11,19,2019,2019-11-19,10,"Winter"
"Pensacola","Point No Point Bar",3,0.3,0,3,1,4,0,11,19,2019,2019-11-19,10,"Winter"
"Pensacola","Point No Point Bar",4,0.37,0,0,1,1,0,11,19,2019,2019-11-19,10,"Winter"
"Pensacola","Point No Point Bar",5,0.3,0,0,1,1,0,11,19,2019,2019-11-19,10,"Winter"
"Pensacola","Square Bar",1,1.92,0,0,0,0,0,11,20,2019,2019-11-20,10,"Winter"
"Pensacola","Square Bar",2,1.4,0,0,0,0,0,11,20,2019,2019-11-20,10,"Winter"
"Pensacola","Square Bar",3,1.69,0,0,0,0,0,11,20,2019,2019-11-20,10,"Winter"
"Pensacola","Square Bar",4,1.45,0,0,0,0,0,11,20,2019,2019-11-20,10,"Winter"
"Pensacola","Square Bar",5,1.81,0,0,0,0,0,11,20,2019,2019-11-20,10,"Winter"
"Pensacola","Square Bar",1,4.9,0,0,0,0,0,11,20,2019,2019-11-20,10,"Winter"
"Pensacola","Square Bar",2,3.83,0,0,0,0,0,11,20,2019,2019-11-20,10,"Winter"
"Pensacola","Square Bar",3,1.83,0,0,0,0,0,11,20,2019,2019-11-20,10,"Winter"
"Pensacola","Square Bar",4,2.68,0,0,0,0,0,11,20,2019,2019-11-20,10,"Winter"
"Pensacola","Square Bar",5,2.3,0,0,0,0,0,11,20,2019,2019-11-20,10,"Winter"
"Pensacola","Square Bar",1,2.9,0,0,0,0,0,11,20,2019,2019-11-20,10,"Winter"
"Pensacola","Square Bar",2,2.67,0,0,0,0,0,11,20,2019,2019-11-20,10,"Winter"
"Pensacola","Square Bar",3,2.42,0,0,0,0,0,11,20,2019,2019-11-20,10,"Winter"
"Pensacola","Square Bar",4,3.01,0,0,0,0,0,11,20,2019,2019-11-20,10,"Winter"
"Pensacola","Square Bar",5,2.26,0,0,0,0,0,11,20,2019,2019-11-20,10,"Winter"
"Pensacola","Big John Bar",1,2.01,1,14,12,27,0,11,20,2019,2019-11-20,10,"Winter"
"Pensacola","Big John Bar",2,1.94,0,15,31,46,1,11,20,2019,2019-11-20,10,"Winter"
"Pensacola","Big John Bar",3,3,0,21,42,63,5,11,20,2019,2019-11-20,10,"Winter"
"Pensacola","Big John Bar",4,2.21,2,18,11,31,0,11,20,2019,2019-11-20,10,"Winter"
"Pensacola","Big John Bar",5,2.21,1,10,23,34,3,11,20,2019,2019-11-20,10,"Winter"
"Pensacola","Big John Bar",1,4.12,0,22,16,38,0,11,20,2019,2019-11-20,10,"Winter"
"Pensacola","Big John Bar",2,3.33,0,15,39,54,2,11,20,2019,2019-11-20,10,"Winter"
"Pensacola","Big John Bar",3,2.95,1,23,19,43,3,11,20,2019,2019-11-20,10,"Winter"
"Pensacola","Big John Bar",4,2.61,1,26,53,80,1,11,20,2019,2019-11-20,10,"Winter"
"Pensacola","Big John Bar",5,2.7,0,10,37,47,5,11,20,2019,2019-11-20,10,"Winter"
"Pensacola","Big John Bar",1,2.67,0,20,19,39,1,11,20,2019,2019-11-20,10,"Winter"
"Pensacola","Big John Bar",2,3.34,0,12,18,30,0,11,20,2019,2019-11-20,10,"Winter"
"Pensacola","Big John Bar",3,2.01,0,15,11,26,1,11,20,2019,2019-11-20,10,"Winter"
"Pensacola","Big John Bar",4,1.13,0,8,8,16,0,11,20,2019,2019-11-20,10,"Winter"
"Pensacola","Big John Bar",5,0.64,0,3,7,10,0,11,20,2019,2019-11-20,10,"Winter"
"Pensacola","White Point Bar",1,2.11,0,20,22,42,2,11,20,2019,2019-11-20,10,"Winter"
"Pensacola","White Point Bar",2,1.96,0,11,26,37,2,11,20,2019,2019-11-20,10,"Winter"
"Pensacola","White Point Bar",3,2.27,0,16,12,28,1,11,20,2019,2019-11-20,10,"Winter"
"Pensacola","White Point Bar",4,2.1,0,11,11,22,1,11,20,2019,2019-11-20,10,"Winter"
"Pensacola","White Point Bar",5,2.1,0,31,21,52,2,11,20,2019,2019-11-20,10,"Winter"
"Pensacola","White Point Bar",1,2.06,0,23,14,37,0,11,20,2019,2019-11-20,10,"Winter"
"Pensacola","White Point Bar",2,2.11,0,6,21,27,0,11,20,2019,2019-11-20,10,"Winter"
"Pensacola","White Point Bar",3,2.82,0,14,10,24,2,11,20,2019,2019-11-20,10,"Winter"
"Pensacola","White Point Bar",4,4.05,0,15,20,35,2,11,20,2019,2019-11-20,10,"Winter"
"Pensacola","White Point Bar",5,4.37,0,14,25,39,2,11,20,2019,2019-11-20,10,"Winter"
"Pensacola","White Point Bar",1,3.44,0,16,36,52,0,11,20,2019,2019-11-20,10,"Winter"
"Pensacola","White Point Bar",2,3.83,0,37,22,59,1,11,20,2019,2019-11-20,10,"Winter"
"Pensacola","White Point Bar",3,3.64,0,28,33,61,2,11,20,2019,2019-11-20,10,"Winter"
"Pensacola","White Point Bar",4,3.4,0,10,26,36,1,11,20,2019,2019-11-20,10,"Winter"
"Pensacola","White Point Bar",5,4.28,0,31,23,54,2,11,20,2019,2019-11-20,10,"Winter"
"Pensacola","White Point Bar",1,1.77,0,27,20,47,2,11,20,2019,2019-11-20,10,"Winter"
"Pensacola","White Point Bar",2,2.85,0,8,39,47,0,11,20,2019,2019-11-20,10,"Winter"
"Pensacola","White Point Bar",3,3.44,0,35,49,84,1,11,20,2019,2019-11-20,10,"Winter"
"Pensacola","White Point Bar",4,2,0,10,34,44,4,11,20,2019,2019-11-20,10,"Winter"
"Pensacola","White Point Bar",5,2.15,0,36,27,63,1,11,20,2019,2019-11-20,10,"Winter"
"Pensacola","White Point Bar",1,1.79,0,11,25,36,3,11,20,2019,2019-11-20,10,"Winter"
"Pensacola","White Point Bar",2,2.85,1,12,33,46,4,11,20,2019,2019-11-20,10,"Winter"
"Pensacola","White Point Bar",3,2.14,0,23,29,52,0,11,20,2019,2019-11-20,10,"Winter"
"Pensacola","White Point Bar",4,3.4,0,23,19,42,0,11,20,2019,2019-11-20,10,"Winter"
"Pensacola","White Point Bar",5,3.46,0,24,31,55,0,11,20,2019,2019-11-20,10,"Winter"
"Pensacola","White Point Bar",1,2.8,0,31,27,58,4,11,20,2019,2019-11-20,10,"Winter"
"Pensacola","White Point Bar",2,3.15,0,12,42,54,2,11,20,2019,2019-11-20,10,"Winter"
"Pensacola","White Point Bar",3,2.9,0,17,35,52,0,11,20,2019,2019-11-20,10,"Winter"
"Pensacola","White Point Bar",4,3.06,0,14,9,23,1,11,20,2019,2019-11-20,10,"Winter"
"Pensacola","White Point Bar",5,3.09,0,11,14,25,0,11,20,2019,2019-11-20,10,"Winter"
"Pensacola","No Name Bar",1,3.76,0,30,30,60,10,11,19,2019,2019-11-19,10,"Winter"
"Pensacola","No Name Bar",2,2.93,0,23,37,60,2,11,19,2019,2019-11-19,10,"Winter"
"Pensacola","No Name Bar",3,3.21,1,31,34,66,3,11,19,2019,2019-11-19,10,"Winter"
"Pensacola","No Name Bar",4,3.78,0,24,44,68,5,11,19,2019,2019-11-19,10,"Winter"
"Pensacola","No Name Bar",5,3.4,1,35,22,58,4,11,19,2019,2019-11-19,10,"Winter"
"Pensacola","No Name Bar",1,0.45,0,1,6,7,0,11,19,2019,2019-11-19,10,"Winter"
"Pensacola","No Name Bar",2,1.17,1,5,12,18,1,11,19,2019,2019-11-19,10,"Winter"
"Pensacola","No Name Bar",3,1.22,0,5,35,40,0,11,19,2019,2019-11-19,10,"Winter"
"Pensacola","No Name Bar",4,1.98,0,7,22,29,2,11,19,2019,2019-11-19,10,"Winter"
"Pensacola","No Name Bar",5,1.87,0,8,34,42,4,11,19,2019,2019-11-19,10,"Winter"
"Pensacola","No Name Bar",1,1.76,0,12,23,35,2,11,19,2019,2019-11-19,10,"Winter"
"Pensacola","No Name Bar",2,2.53,0,14,42,56,4,11,19,2019,2019-11-19,10,"Winter"
"Pensacola","No Name Bar",3,2.35,1,18,16,35,2,11,19,2019,2019-11-19,10,"Winter"
"Pensacola","No Name Bar",4,2.39,0,20,20,40,5,11,19,2019,2019-11-19,10,"Winter"
"Pensacola","No Name Bar",5,2.72,0,31,40,71,3,11,19,2019,2019-11-19,10,"Winter"
"Pensacola","Mussel Beds",1,2.04,0,24,16,40,1,11,19,2019,2019-11-19,10,"Winter"
"Pensacola","Mussel Beds",2,1.56,0,16,9,25,0,11,19,2019,2019-11-19,10,"Winter"
"Pensacola","Mussel Beds",3,1.82,0,17,18,35,4,11,19,2019,2019-11-19,10,"Winter"
"Pensacola","Mussel Beds",4,1.78,0,9,15,24,3,11,19,2019,2019-11-19,10,"Winter"
"Pensacola","Mussel Beds",5,2.17,0,21,21,42,1,11,19,2019,2019-11-19,10,"Winter"
"Pensacola","Mussel Beds",1,1.86,1,20,9,30,0,11,19,2019,2019-11-19,10,"Winter"
"Pensacola","Mussel Beds",2,2.13,0,22,11,33,1,11,19,2019,2019-11-19,10,"Winter"
"Pensacola","Mussel Beds",3,1.8,0,18,2,20,0,11,19,2019,2019-11-19,10,"Winter"
"Pensacola","Mussel Beds",4,1.37,0,8,13,21,0,11,19,2019,2019-11-19,10,"Winter"
"Pensacola","Mussel Beds",5,1.26,0,17,8,25,1,11,19,2019,2019-11-19,10,"Winter"
"Pensacola","Mussel Beds",1,1.51,1,13,3,17,2,11,19,2019,2019-11-19,10,"Winter"
"Pensacola","Mussel Beds",2,1.75,0,15,18,33,2,11,19,2019,2019-11-19,10,"Winter"
"Pensacola","Mussel Beds",3,1.8,1,13,15,29,1,11,19,2019,2019-11-19,10,"Winter"
"Pensacola","Mussel Beds",4,2.37,0,17,15,32,2,11,19,2019,2019-11-19,10,"Winter"
"Pensacola","Mussel Beds",5,2.48,0,39,13,52,5,11,19,2019,2019-11-19,10,"Winter"
"Pensacola","Escribano Point",1,4.36,0,19,14,33,0,11,19,2019,2019-11-19,10,"Winter"
"Pensacola","Escribano Point",2,3.76,0,9,20,29,2,11,19,2019,2019-11-19,10,"Winter"
"Pensacola","Escribano Point",3,4.6,0,16,21,37,1,11,19,2019,2019-11-19,10,"Winter"
"Pensacola","Escribano Point",4,4.11,0,18,30,48,3,11,19,2019,2019-11-19,10,"Winter"
"Pensacola","Escribano Point",5,5.14,0,18,5,23,0,11,19,2019,2019-11-19,10,"Winter"
"Pensacola","Escribano Point",1,2.72,0,7,6,13,0,11,19,2019,2019-11-19,10,"Winter"
"Pensacola","Escribano Point",2,2.8,0,13,10,23,0,11,19,2019,2019-11-19,10,"Winter"
"Pensacola","Escribano Point",3,3.54,0,12,14,26,1,11,19,2019,2019-11-19,10,"Winter"
"Pensacola","Escribano Point",4,3.58,0,20,10,30,0,11,19,2019,2019-11-19,10,"Winter"
"Pensacola","Escribano Point",5,3.84,0,27,12,39,0,11,19,2019,2019-11-19,10,"Winter"
"Pensacola","Escribano Point",1,2.06,0,5,3,8,0,11,19,2019,2019-11-19,10,"Winter"
"Pensacola","Escribano Point",2,2.25,0,17,9,26,1,11,19,2019,2019-11-19,10,"Winter"
"Pensacola","Escribano Point",3,2.18,0,11,1,12,1,11,19,2019,2019-11-19,10,"Winter"
"Pensacola","Escribano Point",4,2.78,0,11,9,20,0,11,19,2019,2019-11-19,10,"Winter"
"Pensacola","Escribano Point",5,2.02,0,11,9,20,1,11,19,2019,2019-11-19,10,"Winter"
"Pensacola","Escribano Point",1,5.64,0,14,16,30,1,11,19,2019,2019-11-19,10,"Winter"
"Pensacola","Escribano Point",2,5.81,0,18,19,37,0,11,19,2019,2019-11-19,10,"Winter"
"Pensacola","Escribano Point",3,4.59,0,7,17,24,1,11,19,2019,2019-11-19,10,"Winter"
"Pensacola","Escribano Point",4,4.2,0,23,41,64,1,11,19,2019,2019-11-19,10,"Winter"
"Pensacola","Escribano Point",5,4.63,0,11,25,36,1,11,19,2019,2019-11-19,10,"Winter"
"Pensacola","Escribano Point",1,2.77,0,5,24,29,0,11,19,2019,2019-11-19,10,"Winter"
"Pensacola","Escribano Point",2,2.53,0,9,21,30,1,11,19,2019,2019-11-19,10,"Winter"
"Pensacola","Escribano Point",3,3.09,0,17,12,29,0,11,19,2019,2019-11-19,10,"Winter"
"Pensacola","Escribano Point",4,3.59,0,12,11,23,0,11,19,2019,2019-11-19,10,"Winter"
"Pensacola","Escribano Point",5,5.2,0,14,24,38,1,11,19,2019,2019-11-19,10,"Winter"
"Pensacola","Escribano Point",1,3.27,0,16,16,32,0,11,19,2019,2019-11-19,10,"Winter"
"Pensacola","Escribano Point",2,2.77,0,1,15,16,0,11,19,2019,2019-11-19,10,"Winter"
"Pensacola","Escribano Point",3,2.73,0,7,11,18,1,11,19,2019,2019-11-19,10,"Winter"
"Pensacola","Escribano Point",4,3.08,0,8,9,17,0,11,19,2019,2019-11-19,10,"Winter"
"Pensacola","Escribano Point",5,3.27,0,10,17,27,1,11,19,2019,2019-11-19,10,"Winter"
"Pensacola","Trout Bayou",1,0.97,0,16,5,21,2,11,18,2019,2019-11-18,10,"Winter"
"Pensacola","Trout Bayou",2,1.23,0,27,2,29,0,11,18,2019,2019-11-18,10,"Winter"
"Pensacola","Trout Bayou",3,1.56,0,15,5,20,0,11,18,2019,2019-11-18,10,"Winter"
"Pensacola","Trout Bayou",4,1.56,1,13,4,18,5,11,18,2019,2019-11-18,10,"Winter"
"Pensacola","Trout Bayou",5,1.6,0,12,1,13,0,11,18,2019,2019-11-18,10,"Winter"
"Pensacola","Trout Bayou",1,2.79,2,28,16,46,5,11,18,2019,2019-11-18,10,"Winter"
"Pensacola","Trout Bayou",2,2.46,1,26,11,38,1,11,18,2019,2019-11-18,10,"Winter"
"Pensacola","Trout Bayou",3,2.43,0,28,7,35,4,11,18,2019,2019-11-18,10,"Winter"
"Pensacola","Trout Bayou",4,3.9,0,28,16,44,1,11,18,2019,2019-11-18,10,"Winter"
"Pensacola","Trout Bayou",5,4.89,0,41,13,54,5,11,18,2019,2019-11-18,10,"Winter"
"Pensacola","Trout Bayou",1,4.43,0,44,16,60,8,11,18,2019,2019-11-18,10,"Winter"
"Pensacola","Trout Bayou",2,2.99,0,35,9,44,4,11,18,2019,2019-11-18,10,"Winter"
"Pensacola","Trout Bayou",3,4,0,47,12,59,8,11,18,2019,2019-11-18,10,"Winter"
"Pensacola","Trout Bayou",4,3.92,0,39,6,45,1,11,18,2019,2019-11-18,10,"Winter"
"Pensacola","Trout Bayou",5,3.71,0,31,12,43,2,11,18,2019,2019-11-18,10,"Winter"
"Pensacola","Trout Bayou",1,2.1,0,25,3,28,2,11,18,2019,2019-11-18,10,"Winter"
"Pensacola","Trout Bayou",2,2.83,0,19,17,36,1,11,18,2019,2019-11-18,10,"Winter"
"Pensacola","Trout Bayou",3,2.37,0,22,1,23,3,11,18,2019,2019-11-18,10,"Winter"
"Pensacola","Trout Bayou",4,2.3,1,18,7,26,1,11,18,2019,2019-11-18,10,"Winter"
"Pensacola","Trout Bayou",5,2.77,0,17,7,24,1,11,18,2019,2019-11-18,10,"Winter"
"Pensacola","Trout Bayou",1,3.49,0,24,21,45,2,11,18,2019,2019-11-18,10,"Winter"
"Pensacola","Trout Bayou",2,3.52,0,28,8,36,1,11,18,2019,2019-11-18,10,"Winter"
"Pensacola","Trout Bayou",3,3.84,0,32,12,44,1,11,18,2019,2019-11-18,10,"Winter"
"Pensacola","Trout Bayou",4,3.92,1,43,4,48,2,11,18,2019,2019-11-18,10,"Winter"
"Pensacola","Trout Bayou",5,3.55,1,39,10,50,2,11,18,2019,2019-11-18,10,"Winter"
"Pensacola","Trout Bayou",1,4.84,0,59,26,85,7,11,18,2019,2019-11-18,10,"Winter"
"Pensacola","Trout Bayou",2,5.22,2,62,12,76,6,11,18,2019,2019-11-18,10,"Winter"
"Pensacola","Trout Bayou",3,4.47,1,63,12,76,2,11,18,2019,2019-11-18,10,"Winter"
"Pensacola","Trout Bayou",4,4.51,0,75,28,103,7,11,18,2019,2019-11-18,10,"Winter"
"Pensacola","Trout Bayou",5,4.13,0,42,24,66,3,11,18,2019,2019-11-18,10,"Winter"
"Pensacola","Big John Bar",1,3.65,0,23,6,29,1,7,12,2018,2018-07-12,7,"Summer"
"Pensacola","Big John Bar",2,3.89,0,12,14,26,4,7,12,2018,2018-07-12,7,"Summer"
"Pensacola","Big John Bar",3,4.47,0,42,17,59,3,7,12,2018,2018-07-12,7,"Summer"
"Pensacola","Big John Bar",4,1.5,0,11,3,14,1,7,12,2018,2018-07-12,7,"Summer"
"Pensacola","Big John Bar",5,1.96,0,5,4,9,0,7,12,2018,2018-07-12,7,"Summer"
"Pensacola","Big John Bar",1,2.2,0,8,9,17,4,7,12,2018,2018-07-12,7,"Summer"
"Pensacola","Big John Bar",2,2.28,0,14,6,20,2,7,12,2018,2018-07-12,7,"Summer"
"Pensacola","Big John Bar",3,1.68,0,6,6,12,1,7,12,2018,2018-07-12,7,"Summer"
"Pensacola","Big John Bar",4,2.42,0,12,8,20,2,7,12,2018,2018-07-12,7,"Summer"
"Pensacola","Big John Bar",5,1.65,0,4,2,6,2,7,12,2018,2018-07-12,7,"Summer"
"Pensacola","Big John Bar",1,1.38,0,0,1,1,0,7,12,2018,2018-07-12,7,"Summer"
"Pensacola","Big John Bar",2,1.76,0,3,1,4,0,7,12,2018,2018-07-12,7,"Summer"
"Pensacola","Big John Bar",3,1.35,0,0,4,4,2,7,12,2018,2018-07-12,7,"Summer"
"Pensacola","Big John Bar",4,1.56,0,1,4,5,3,7,12,2018,2018-07-12,7,"Summer"
"Pensacola","Big John Bar",5,1.95,0,3,3,6,3,7,12,2018,2018-07-12,7,"Summer"
"Pensacola","Boathouse Lumps",1,2.21,0,6,17,23,2,7,9,2018,2018-07-09,7,"Summer"
"Pensacola","Boathouse Lumps",2,1.56,0,2,1,3,0,7,9,2018,2018-07-09,7,"Summer"
"Pensacola","Boathouse Lumps",3,0.88,0,0,0,0,0,7,9,2018,2018-07-09,7,"Summer"
"Pensacola","Boathouse Lumps",4,1.07,0,1,3,4,0,7,9,2018,2018-07-09,7,"Summer"
"Pensacola","Boathouse Lumps",5,2.51,0,11,30,41,1,7,9,2018,2018-07-09,7,"Summer"
"Pensacola","Boathouse Lumps",1,2.86,0,8,5,13,1,7,9,2018,2018-07-09,7,"Summer"
"Pensacola","Boathouse Lumps",2,3.18,0,6,8,14,1,7,9,2018,2018-07-09,7,"Summer"
"Pensacola","Boathouse Lumps",3,1.75,0,4,10,14,0,7,9,2018,2018-07-09,7,"Summer"
"Pensacola","Boathouse Lumps",4,1.75,0,2,7,9,2,7,9,2018,2018-07-09,7,"Summer"
"Pensacola","Boathouse Lumps",5,1.61,0,0,5,5,4,7,9,2018,2018-07-09,7,"Summer"
"Pensacola","Boathouse Lumps",1,3.99,0,21,19,40,7,7,9,2018,2018-07-09,7,"Summer"
"Pensacola","Boathouse Lumps",2,3.1,0,27,18,45,0,7,9,2018,2018-07-09,7,"Summer"
"Pensacola","Boathouse Lumps",3,3.25,0,18,27,45,4,7,9,2018,2018-07-09,7,"Summer"
"Pensacola","Boathouse Lumps",4,2.76,0,22,17,39,2,7,9,2018,2018-07-09,7,"Summer"
"Pensacola","Boathouse Lumps",5,2.75,0,12,19,31,5,7,9,2018,2018-07-09,7,"Summer"
"Pensacola","Escribano Point",1,2.02,0,0,3,3,1,7,10,2018,2018-07-10,7,"Summer"
"Pensacola","Escribano Point",2,2.16,0,0,2,2,0,7,10,2018,2018-07-10,7,"Summer"
"Pensacola","Escribano Point",3,3.23,0,3,2,5,3,7,10,2018,2018-07-10,7,"Summer"
"Pensacola","Escribano Point",4,5.26,0,2,4,6,3,7,10,2018,2018-07-10,7,"Summer"
"Pensacola","Escribano Point",5,5.35,0,6,7,13,0,7,10,2018,2018-07-10,7,"Summer"
"Pensacola","Escribano Point",1,1.77,0,0,2,2,0,7,10,2018,2018-07-10,7,"Summer"
"Pensacola","Escribano Point",2,1.8,0,0,0,0,0,7,10,2018,2018-07-10,7,"Summer"
"Pensacola","Escribano Point",3,2,0,0,4,4,1,7,10,2018,2018-07-10,7,"Summer"
"Pensacola","Escribano Point",4,1.32,0,0,0,0,0,7,10,2018,2018-07-10,7,"Summer"
"Pensacola","Escribano Point",5,1.67,0,0,1,1,0,7,10,2018,2018-07-10,7,"Summer"
"Pensacola","Escribano Point",1,4.22,0,2,1,3,0,7,10,2018,2018-07-10,7,"Summer"
"Pensacola","Escribano Point",2,4.69,0,1,2,3,1,7,10,2018,2018-07-10,7,"Summer"
"Pensacola","Escribano Point",3,3.37,0,0,0,0,0,7,10,2018,2018-07-10,7,"Summer"
"Pensacola","Escribano Point",4,6.09,0,1,2,3,4,7,10,2018,2018-07-10,7,"Summer"
"Pensacola","Escribano Point",5,4.87,0,0,0,0,3,7,10,2018,2018-07-10,7,"Summer"
"Pensacola","Escribano Point",1,5.89,0,31,42,73,1,7,10,2018,2018-07-10,7,"Summer"
"Pensacola","Escribano Point",2,5.66,0,26,21,47,2,7,10,2018,2018-07-10,7,"Summer"
"Pensacola","Escribano Point",3,6.33,0,23,16,39,3,7,10,2018,2018-07-10,7,"Summer"
"Pensacola","Escribano Point",4,2.57,0,10,6,16,0,7,10,2018,2018-07-10,7,"Summer"
"Pensacola","Escribano Point",5,2.89,0,15,11,26,4,7,10,2018,2018-07-10,7,"Summer"
"Pensacola","Escribano Point",1,1.74,0,9,6,15,0,7,10,2018,2018-07-10,7,"Summer"
"Pensacola","Escribano Point",2,1.7,0,16,10,26,0,7,10,2018,2018-07-10,7,"Summer"
"Pensacola","Escribano Point",3,1.99,0,13,10,23,1,7,10,2018,2018-07-10,7,"Summer"
"Pensacola","Escribano Point",4,2.97,0,24,23,47,0,7,10,2018,2018-07-10,7,"Summer"
"Pensacola","Escribano Point",5,2.46,0,24,11,35,0,7,10,2018,2018-07-10,7,"Summer"
"Pensacola","Escribano Point",1,5.49,0,26,27,53,1,7,10,2018,2018-07-10,7,"Summer"
"Pensacola","Escribano Point",2,6.71,0,45,41,86,4,7,10,2018,2018-07-10,7,"Summer"
"Pensacola","Escribano Point",3,5.77,0,44,26,70,2,7,10,2018,2018-07-10,7,"Summer"
"Pensacola","Escribano Point",4,7.09,0,29,29,58,1,7,10,2018,2018-07-10,7,"Summer"
"Pensacola","Escribano Point",5,5.1,0,27,20,47,0,7,10,2018,2018-07-10,7,"Summer"
"Pensacola","Boathouse Lumps",1,0.49,0,0,3,3,0,7,9,2018,2018-07-09,7,"Summer"
"Pensacola","Boathouse Lumps",2,0.47,0,0,0,0,0,7,9,2018,2018-07-09,7,"Summer"
"Pensacola","Boathouse Lumps",3,0.52,0,0,0,0,0,7,9,2018,2018-07-09,7,"Summer"
"Pensacola","Boathouse Lumps",4,0.82,0,0,1,1,0,7,9,2018,2018-07-09,7,"Summer"
"Pensacola","Boathouse Lumps",5,1.05,0,0,7,7,2,7,9,2018,2018-07-09,7,"Summer"
"Pensacola","Boathouse Lumps",1,1.91,0,5,17,22,2,7,9,2018,2018-07-09,7,"Summer"
"Pensacola","Boathouse Lumps",2,1.48,0,1,5,6,4,7,9,2018,2018-07-09,7,"Summer"
"Pensacola","Boathouse Lumps",3,1.47,0,1,21,22,4,7,9,2018,2018-07-09,7,"Summer"
"Pensacola","Boathouse Lumps",4,0.97,0,1,3,4,0,7,9,2018,2018-07-09,7,"Summer"
"Pensacola","Boathouse Lumps",5,1.6,0,3,15,18,2,7,9,2018,2018-07-09,7,"Summer"
"Pensacola","Boathouse Lumps",1,0.77,0,0,3,3,1,7,9,2018,2018-07-09,7,"Summer"
"Pensacola","Boathouse Lumps",2,0.74,0,0,0,0,0,7,9,2018,2018-07-09,7,"Summer"
"Pensacola","Boathouse Lumps",3,0.79,0,0,0,0,0,7,9,2018,2018-07-09,7,"Summer"
"Pensacola","Boathouse Lumps",4,0.9,0,0,1,1,2,7,9,2018,2018-07-09,7,"Summer"
"Pensacola","Boathouse Lumps",5,1.1,0,1,19,20,4,7,9,2018,2018-07-09,7,"Summer"
"Pensacola","East River",1,0.78,0,0,0,0,1,7,12,2018,2018-07-12,7,"Summer"
"Pensacola","East River",2,1.78,0,0,0,0,2,7,12,2018,2018-07-12,7,"Summer"
"Pensacola","East River",3,1.58,0,1,0,1,0,7,12,2018,2018-07-12,7,"Summer"
"Pensacola","East River",4,2.04,0,2,2,4,0,7,12,2018,2018-07-12,7,"Summer"
"Pensacola","East River",5,2.04,0,3,1,4,0,7,12,2018,2018-07-12,7,"Summer"
"Pensacola","East River",1,0.79,0,2,0,2,0,7,12,2018,2018-07-12,7,"Summer"
"Pensacola","East River",2,0.43,0,1,0,1,0,7,12,2018,2018-07-12,7,"Summer"
"Pensacola","East River",3,0.64,0,1,0,1,0,7,12,2018,2018-07-12,7,"Summer"
"Pensacola","East River",4,0.83,0,0,0,0,0,7,12,2018,2018-07-12,7,"Summer"
"Pensacola","East River",5,1.47,0,2,0,2,0,7,12,2018,2018-07-12,7,"Summer"
"Pensacola","East River",1,1.55,0,1,0,1,0,7,12,2018,2018-07-12,7,"Summer"
"Pensacola","East River",2,1.92,0,1,0,1,0,7,12,2018,2018-07-12,7,"Summer"
"Pensacola","East River",3,0.81,0,0,0,0,0,7,12,2018,2018-07-12,7,"Summer"
"Pensacola","East River",4,1.52,0,2,0,2,0,7,12,2018,2018-07-12,7,"Summer"
"Pensacola","East River",5,0.85,0,2,0,2,1,7,12,2018,2018-07-12,7,"Summer"
"Pensacola","East River",1,2.29,0,5,1,6,0,7,12,2018,2018-07-12,7,"Summer"
"Pensacola","East River",2,2.57,0,9,2,11,0,7,12,2018,2018-07-12,7,"Summer"
"Pensacola","East River",3,3.32,0,6,1,7,0,7,12,2018,2018-07-12,7,"Summer"
"Pensacola","East River",4,3.24,0,6,2,8,0,7,12,2018,2018-07-12,7,"Summer"
"Pensacola","East River",5,4.94,0,10,6,16,0,7,12,2018,2018-07-12,7,"Summer"
"Pensacola","East River",1,1.96,0,7,1,8,0,7,12,2018,2018-07-12,7,"Summer"
"Pensacola","East River",2,2.18,0,7,1,8,0,7,12,2018,2018-07-12,7,"Summer"
"Pensacola","East River",3,1.4,0,6,0,6,0,7,12,2018,2018-07-12,7,"Summer"
"Pensacola","East River",4,2.68,0,9,0,9,0,7,12,2018,2018-07-12,7,"Summer"
"Pensacola","East River",5,1.73,0,6,0,6,0,7,12,2018,2018-07-12,7,"Summer"
"Pensacola","East River",1,4.27,0,12,1,13,1,7,12,2018,2018-07-12,7,"Summer"
"Pensacola","East River",2,3.67,0,10,0,10,0,7,12,2018,2018-07-12,7,"Summer"
"Pensacola","East River",3,5.19,0,12,1,13,0,7,12,2018,2018-07-12,7,"Summer"
"Pensacola","East River",4,5.13,0,17,1,18,1,7,12,2018,2018-07-12,7,"Summer"
"Pensacola","East River",5,4.74,0,16,4,20,0,7,12,2018,2018-07-12,7,"Summer"
"Pensacola","East River",1,1.42,0,12,3,15,2,7,12,2018,2018-07-12,7,"Summer"
"Pensacola","East River",2,1.89,0,25,1,26,1,7,12,2018,2018-07-12,7,"Summer"
"Pensacola","East River",3,3.08,0,21,2,23,0,7,12,2018,2018-07-12,7,"Summer"
"Pensacola","East River",4,4.19,0,29,8,37,1,7,12,2018,2018-07-12,7,"Summer"
"Pensacola","East River",5,3.7,0,16,4,20,3,7,12,2018,2018-07-12,7,"Summer"
"Pensacola","East River",1,2.69,0,25,3,28,0,7,12,2018,2018-07-12,7,"Summer"
"Pensacola","East River",2,2.65,0,24,1,25,0,7,12,2018,2018-07-12,7,"Summer"
"Pensacola","East River",3,2.38,0,29,0,29,0,7,12,2018,2018-07-12,7,"Summer"
"Pensacola","East River",4,1.69,0,11,3,14,0,7,12,2018,2018-07-12,7,"Summer"
"Pensacola","East River",5,3.33,0,23,9,32,0,7,12,2018,2018-07-12,7,"Summer"
"Pensacola","East River",1,4.33,0,48,3,51,0,7,12,2018,2018-07-12,7,"Summer"
"Pensacola","East River",2,4.18,0,37,6,43,1,7,13,2018,2018-07-13,7,"Summer"
"Pensacola","East River",3,3.41,0,25,4,29,1,7,14,2018,2018-07-14,7,"Summer"
"Pensacola","East River",4,5.2,0,56,8,64,5,7,15,2018,2018-07-15,7,"Summer"
"Pensacola","East River",5,5.38,1,37,7,45,3,7,12,2018,2018-07-12,7,"Summer"
"Pensacola","East River",1,1.64,0,3,2,5,0,7,12,2018,2018-07-12,7,"Summer"
"Pensacola","East River",2,1.06,0,2,1,3,0,7,12,2018,2018-07-12,7,"Summer"
"Pensacola","East River",3,2.46,0,10,11,21,0,7,12,2018,2018-07-12,7,"Summer"
"Pensacola","East River",4,5.2,0,6,6,12,0,7,12,2018,2018-07-12,7,"Summer"
"Pensacola","East River",5,5.82,0,16,9,25,1,7,12,2018,2018-07-12,7,"Summer"
"Pensacola","East River",1,2.58,0,6,6,12,1,7,12,2018,2018-07-12,7,"Summer"
"Pensacola","East River",2,5.31,0,9,4,13,0,7,12,2018,2018-07-12,7,"Summer"
"Pensacola","East River",3,1.89,0,6,5,11,0,7,12,2018,2018-07-12,7,"Summer"
"Pensacola","East River",4,1.81,0,4,0,4,0,7,12,2018,2018-07-12,7,"Summer"
"Pensacola","East River",5,4,0,10,3,13,0,7,12,2018,2018-07-12,7,"Summer"
"Pensacola","East River",1,1.44,0,5,3,8,0,7,12,2018,2018-07-12,7,"Summer"
"Pensacola","East River",2,0.72,0,2,0,2,0,7,12,2018,2018-07-12,7,"Summer"
"Pensacola","East River",3,0.24,0,0,0,0,0,7,12,2018,2018-07-12,7,"Summer"
"Pensacola","East River",4,0.17,0,0,0,0,0,7,12,2018,2018-07-12,7,"Summer"
"Pensacola","East River",5,1.43,0,2,7,9,0,7,12,2018,2018-07-12,7,"Summer"
"Pensacola","Half Moon Bar",1,4.31,0,5,22,27,11,7,11,2018,2018-07-11,7,"Summer"
"Pensacola","Half Moon Bar",2,6.44,0,34,36,70,21,7,11,2018,2018-07-11,7,"Summer"
"Pensacola","Half Moon Bar",3,0.77,0,1,5,6,0,7,11,2018,2018-07-11,7,"Summer"
"Pensacola","Half Moon Bar",4,1.66,0,6,10,16,2,7,11,2018,2018-07-11,7,"Summer"
"Pensacola","Half Moon Bar",5,1.8,0,6,13,19,3,7,11,2018,2018-07-11,7,"Summer"
"Pensacola","Half Moon Bar",1,2.71,0,6,26,32,12,7,11,2018,2018-07-11,7,"Summer"
"Pensacola","Half Moon Bar",2,2.64,0,7,14,21,6,7,11,2018,2018-07-11,7,"Summer"
"Pensacola","Half Moon Bar",3,4.02,0,12,45,57,28,7,11,2018,2018-07-11,7,"Summer"
"Pensacola","Half Moon Bar",4,4.1,0,12,17,29,10,7,11,2018,2018-07-11,7,"Summer"
"Pensacola","Half Moon Bar",5,3.88,0,7,32,39,14,7,11,2018,2018-07-11,7,"Summer"
"Pensacola","Half Moon Bar",1,3.12,0,6,47,53,7,7,11,2018,2018-07-11,7,"Summer"
"Pensacola","Half Moon Bar",2,3.63,0,23,12,35,17,7,11,2018,2018-07-11,7,"Summer"
"Pensacola","Half Moon Bar",3,2.51,0,3,10,13,9,7,11,2018,2018-07-11,7,"Summer"
"Pensacola","Half Moon Bar",4,3.71,0,11,26,37,10,7,11,2018,2018-07-11,7,"Summer"
"Pensacola","Half Moon Bar",5,2.82,0,8,16,24,5,7,11,2018,2018-07-11,7,"Summer"
"Pensacola","Mussel Beds",1,0.32,0,0,0,0,0,7,10,2018,2018-07-10,7,"Summer"
"Pensacola","Mussel Beds",2,0.45,0,0,0,0,0,7,10,2018,2018-07-10,7,"Summer"
"Pensacola","Mussel Beds",3,0.26,0,0,0,0,0,7,10,2018,2018-07-10,7,"Summer"
"Pensacola","Mussel Beds",4,0.44,0,0,0,0,0,7,10,2018,2018-07-10,7,"Summer"
"Pensacola","Mussel Beds",5,0.24,0,0,1,1,0,7,10,2018,2018-07-10,7,"Summer"
"Pensacola","Mussel Beds",1,0.45,0,0,1,1,0,7,10,2018,2018-07-10,7,"Summer"
"Pensacola","Mussel Beds",2,0.25,0,0,0,0,0,7,10,2018,2018-07-10,7,"Summer"
"Pensacola","Mussel Beds",3,0.21,0,0,0,0,0,7,10,2018,2018-07-10,7,"Summer"
"Pensacola","Mussel Beds",4,0.21,0,0,0,0,0,7,10,2018,2018-07-10,7,"Summer"
"Pensacola","Mussel Beds",5,0.15,0,0,1,1,0,7,10,2018,2018-07-10,7,"Summer"
"Pensacola","Mussel Beds",1,0.86,0,0,1,1,0,7,10,2018,2018-07-10,7,"Summer"
"Pensacola","Mussel Beds",2,1.06,0,0,0,0,0,7,10,2018,2018-07-10,7,"Summer"
"Pensacola","Mussel Beds",3,0.67,0,1,7,8,0,7,10,2018,2018-07-10,7,"Summer"
"Pensacola","Mussel Beds",4,1.01,0,1,2,3,0,7,10,2018,2018-07-10,7,"Summer"
"Pensacola","Mussel Beds",5,0.45,0,0,2,2,1,7,10,2018,2018-07-10,7,"Summer"
"Pensacola","No Name Bar",1,0.67,0,0,2,2,1,7,10,2018,2018-07-10,7,"Summer"
"Pensacola","No Name Bar",2,0.82,0,1,3,4,0,7,10,2018,2018-07-10,7,"Summer"
"Pensacola","No Name Bar",3,0.41,0,2,1,3,0,7,10,2018,2018-07-10,7,"Summer"
"Pensacola","No Name Bar",4,0.66,0,5,0,5,1,7,10,2018,2018-07-10,7,"Summer"
"Pensacola","No Name Bar",5,0.62,0,1,1,2,0,7,10,2018,2018-07-10,7,"Summer"
"Pensacola","No Name Bar",1,2.63,0,10,2,12,1,7,10,2018,2018-07-10,7,"Summer"
"Pensacola","No Name Bar",2,2.02,0,12,5,17,1,7,10,2018,2018-07-10,7,"Summer"
"Pensacola","No Name Bar",3,2.92,0,5,9,14,2,7,10,2018,2018-07-10,7,"Summer"
"Pensacola","No Name Bar",4,1.91,0,10,1,11,0,7,10,2018,2018-07-10,7,"Summer"
"Pensacola","No Name Bar",5,2.49,0,12,4,16,2,7,10,2018,2018-07-10,7,"Summer"
"Pensacola","No Name Bar",1,3.18,0,8,0,8,0,7,10,2018,2018-07-10,7,"Summer"
"Pensacola","No Name Bar",2,3.82,0,10,6,16,1,7,10,2018,2018-07-10,7,"Summer"
"Pensacola","No Name Bar",3,4.79,0,18,12,30,0,7,10,2018,2018-07-10,7,"Summer"
"Pensacola","No Name Bar",4,5.13,0,16,10,26,4,7,10,2018,2018-07-10,7,"Summer"
"Pensacola","No Name Bar",5,4.56,0,21,5,26,1,7,10,2018,2018-07-10,7,"Summer"
"Pensacola","Point No Point Bar",1,0.77,0,0,0,0,0,7,10,2018,2018-07-10,7,"Summer"
"Pensacola","Point No Point Bar",2,1.06,0,0,2,2,1,7,10,2018,2018-07-10,7,"Summer"
"Pensacola","Point No Point Bar",3,0.69,0,0,1,1,1,7,10,2018,2018-07-10,7,"Summer"
"Pensacola","Point No Point Bar",4,0.74,0,0,2,2,1,7,10,2018,2018-07-10,7,"Summer"
"Pensacola","Point No Point Bar",5,0,0,0,0,0,0,7,10,2018,2018-07-10,7,"Summer"
"Pensacola","Point No Point Bar",1,0.94,0,0,1,1,2,7,10,2018,2018-07-10,7,"Summer"
"Pensacola","Point No Point Bar",2,0.85,0,0,0,0,0,7,10,2018,2018-07-10,7,"Summer"
"Pensacola","Point No Point Bar",3,0.77,0,0,0,0,0,7,10,2018,2018-07-10,7,"Summer"
"Pensacola","Point No Point Bar",4,0.45,0,0,2,2,0,7,10,2018,2018-07-10,7,"Summer"
"Pensacola","Point No Point Bar",5,1.07,0,0,4,4,0,7,10,2018,2018-07-10,7,"Summer"
"Pensacola","Point No Point Bar",1,0.89,0,0,1,1,0,7,10,2018,2018-07-10,7,"Summer"
"Pensacola","Point No Point Bar",2,1.36,0,0,2,2,0,7,10,2018,2018-07-10,7,"Summer"
"Pensacola","Point No Point Bar",3,0.52,0,0,0,0,0,7,10,2018,2018-07-10,7,"Summer"
"Pensacola","Point No Point Bar",4,1.02,0,0,2,2,1,7,10,2018,2018-07-10,7,"Summer"
"Pensacola","Point No Point Bar",5,1.04,0,0,0,0,0,7,10,2018,2018-07-10,7,"Summer"
"Pensacola","Square Bar",1,2.59,0,3,25,28,15,7,11,2018,2018-07-11,7,"Summer"
"Pensacola","Square Bar",2,3.73,0,7,24,31,14,7,11,2018,2018-07-11,7,"Summer"
"Pensacola","Square Bar",3,3.51,0,4,5,9,23,7,11,2018,2018-07-11,7,"Summer"
"Pensacola","Square Bar",4,2.54,0,4,20,24,16,7,11,2018,2018-07-11,7,"Summer"
"Pensacola","Square Bar",5,2.29,0,1,13,14,9,7,11,2018,2018-07-11,7,"Summer"
"Pensacola","Square Bar",1,3.19,0,6,4,10,16,7,11,2018,2018-07-11,7,"Summer"
"Pensacola","Square Bar",2,3.95,0,11,10,21,15,7,11,2018,2018-07-11,7,"Summer"
"Pensacola","Square Bar",3,4.09,0,5,24,29,21,7,11,2018,2018-07-11,7,"Summer"
"Pensacola","Square Bar",4,4.46,0,6,7,13,18,7,11,2018,2018-07-11,7,"Summer"
"Pensacola","Square Bar",5,5.96,0,18,30,48,11,7,11,2018,2018-07-11,7,"Summer"
"Pensacola","Square Bar",1,1.88,0,1,2,3,5,7,11,2018,2018-07-11,7,"Summer"
"Pensacola","Square Bar",2,1.56,0,0,9,9,9,7,11,2018,2018-07-11,7,"Summer"
"Pensacola","Square Bar",3,2.07,0,2,21,23,17,7,11,2018,2018-07-11,7,"Summer"
"Pensacola","Square Bar",4,1.77,0,4,1,5,8,7,11,2018,2018-07-11,7,"Summer"
"Pensacola","Square Bar",5,2.61,1,2,11,14,6,7,11,2018,2018-07-11,7,"Summer"
"Pensacola","Trout Bayou",1,0.69,0,0,48,48,0,7,12,2018,2018-07-12,7,"Summer"
"Pensacola","Trout Bayou",2,0.6,0,0,14,14,0,7,12,2018,2018-07-12,7,"Summer"
"Pensacola","Trout Bayou",3,0.6,0,0,29,29,0,7,12,2018,2018-07-12,7,"Summer"
"Pensacola","Trout Bayou",4,0.77,0,0,18,18,0,7,12,2018,2018-07-12,7,"Summer"
"Pensacola","Trout Bayou",5,0.94,0,1,27,28,0,7,12,2018,2018-07-12,7,"Summer"
"Pensacola","Trout Bayou",1,0.39,0,0,1,1,0,7,12,2018,2018-07-12,7,"Summer"
"Pensacola","Trout Bayou",2,0.26,0,0,1,1,0,7,12,2018,2018-07-12,7,"Summer"
"Pensacola","Trout Bayou",3,0.37,0,0,0,0,0,7,12,2018,2018-07-12,7,"Summer"
"Pensacola","Trout Bayou",4,0.46,0,0,3,3,0,7,12,2018,2018-07-12,7,"Summer"
"Pensacola","Trout Bayou",5,0.35,0,0,0,0,0,7,12,2018,2018-07-12,7,"Summer"
"Pensacola","Trout Bayou",1,1.08,0,0,12,12,0,7,12,2018,2018-07-12,7,"Summer"
"Pensacola","Trout Bayou",2,1.04,0,0,11,11,0,7,12,2018,2018-07-12,7,"Summer"
"Pensacola","Trout Bayou",3,0.99,0,0,22,22,1,7,12,2018,2018-07-12,7,"Summer"
"Pensacola","Trout Bayou",4,0.91,0,0,46,46,0,7,12,2018,2018-07-12,7,"Summer"
"Pensacola","Trout Bayou",5,0.8,0,0,23,23,0,7,12,2018,2018-07-12,7,"Summer"
"Pensacola","Trout Bayou",1,3.63,0,22,4,26,1,7,9,2018,2018-07-09,7,"Summer"
"Pensacola","Trout Bayou",2,2.47,0,23,4,27,2,7,9,2018,2018-07-09,7,"Summer"
"Pensacola","Trout Bayou",3,3.91,0,21,35,56,1,7,9,2018,2018-07-09,7,"Summer"
"Pensacola","Trout Bayou",4,2.65,0,12,12,24,0,7,9,2018,2018-07-09,7,"Summer"
"Pensacola","Trout Bayou",5,3.03,0,24,13,37,1,7,9,2018,2018-07-09,7,"Summer"
"Pensacola","Trout Bayou",1,2.32,0,0,52,52,0,7,9,2018,2018-07-09,7,"Summer"
"Pensacola","Trout Bayou",2,1.88,0,3,38,41,0,7,9,2018,2018-07-09,7,"Summer"
"Pensacola","Trout Bayou",3,3.31,0,4,42,46,0,7,9,2018,2018-07-09,7,"Summer"
"Pensacola","Trout Bayou",4,2.88,0,4,23,27,0,7,9,2018,2018-07-09,7,"Summer"
"Pensacola","Trout Bayou",5,2.46,0,4,21,25,0,7,9,2018,2018-07-09,7,"Summer"
"Pensacola","Trout Bayou",1,2.81,0,15,21,36,2,7,9,2018,2018-07-09,7,"Summer"
"Pensacola","Trout Bayou",2,3.34,0,11,32,43,2,7,9,2018,2018-07-09,7,"Summer"
"Pensacola","Trout Bayou",3,3.66,0,15,40,55,0,7,9,2018,2018-07-09,7,"Summer"
"Pensacola","Trout Bayou",4,4.29,0,19,29,48,4,7,9,2018,2018-07-09,7,"Summer"
"Pensacola","Trout Bayou",5,2.78,0,14,16,30,0,7,9,2018,2018-07-09,7,"Summer"
"Pensacola","Trout Bayou",1,1.38,0,5,28,33,3,7,9,2018,2018-07-09,7,"Summer"
"Pensacola","Trout Bayou",2,1.82,0,9,19,28,0,7,9,2018,2018-07-09,7,"Summer"
"Pensacola","Trout Bayou",3,2.08,0,7,12,19,2,7,9,2018,2018-07-09,7,"Summer"
"Pensacola","Trout Bayou",4,2.18,0,10,12,22,1,7,9,2018,2018-07-09,7,"Summer"
"Pensacola","Trout Bayou",5,2.08,0,17,14,31,0,7,9,2018,2018-07-09,7,"Summer"
"Pensacola","Trout Bayou",1,2.51,0,18,33,51,0,7,9,2018,2018-07-09,7,"Summer"
"Pensacola","Trout Bayou",2,2.71,0,23,27,50,3,7,9,2018,2018-07-09,7,"Summer"
"Pensacola","Trout Bayou",3,2.46,0,23,19,42,2,7,9,2018,2018-07-09,7,"Summer"
"Pensacola","Trout Bayou",4,0.71,0,2,15,17,0,7,9,2018,2018-07-09,7,"Summer"
"Pensacola","Trout Bayou",5,0.48,0,2,8,10,0,7,9,2018,2018-07-09,7,"Summer"
"Pensacola","Trout Bayou",1,0.91,0,7,19,26,0,7,9,2018,2018-07-09,7,"Summer"
"Pensacola","Trout Bayou",2,1.48,0,5,34,39,0,7,9,2018,2018-07-09,7,"Summer"
"Pensacola","Trout Bayou",3,1.19,0,8,14,22,1,7,9,2018,2018-07-09,7,"Summer"
"Pensacola","Trout Bayou",4,1.07,0,7,18,25,0,7,9,2018,2018-07-09,7,"Summer"
"Pensacola","Trout Bayou",5,1.53,0,6,14,20,0,7,9,2018,2018-07-09,7,"Summer"
"Pensacola","White Point Bar",1,2.97,0,18,7,25,3,7,11,2018,2018-07-11,7,"Summer"
"Pensacola","White Point Bar",2,3.31,0,16,13,29,5,7,11,2018,2018-07-11,7,"Summer"
"Pensacola","White Point Bar",3,2.81,0,10,12,22,6,7,11,2018,2018-07-11,7,"Summer"
"Pensacola","White Point Bar",4,2.34,0,18,3,21,2,7,11,2018,2018-07-11,7,"Summer"
"Pensacola","White Point Bar",5,2.51,0,8,8,16,4,7,11,2018,2018-07-11,7,"Summer"
"Pensacola","White Point Bar",1,2.53,0,0,3,3,4,7,11,2018,2018-07-11,7,"Summer"
"Pensacola","White Point Bar",2,2.5,0,0,4,4,2,7,11,2018,2018-07-11,7,"Summer"
"Pensacola","White Point Bar",3,2.5,0,0,3,3,5,7,11,2018,2018-07-11,7,"Summer"
"Pensacola","White Point Bar",4,2.16,0,1,7,8,1,7,11,2018,2018-07-11,7,"Summer"
"Pensacola","White Point Bar",5,2.81,0,4,5,9,1,7,11,2018,2018-07-11,7,"Summer"
"Pensacola","White Point Bar",1,2.34,0,10,4,14,2,7,11,2018,2018-07-11,7,"Summer"
"Pensacola","White Point Bar",2,2.26,0,13,13,26,4,7,11,2018,2018-07-11,7,"Summer"
"Pensacola","White Point Bar",3,2.18,0,13,7,20,2,7,11,2018,2018-07-11,7,"Summer"
"Pensacola","White Point Bar",4,3.09,0,2,13,15,3,7,11,2018,2018-07-11,7,"Summer"
"Pensacola","White Point Bar",5,3.15,0,5,13,18,8,7,11,2018,2018-07-11,7,"Summer"
"Pensacola","White Point Bar",1,3.84,0,25,24,49,2,7,11,2018,2018-07-11,7,"Summer"
"Pensacola","White Point Bar",2,3.54,0,11,15,26,1,7,11,2018,2018-07-11,7,"Summer"
"Pensacola","White Point Bar",3,4.23,0,12,17,29,1,7,11,2018,2018-07-11,7,"Summer"
"Pensacola","White Point Bar",4,2.75,0,13,14,27,3,7,11,2018,2018-07-11,7,"Summer"
"Pensacola","White Point Bar",5,2.89,0,8,12,20,2,7,11,2018,2018-07-11,7,"Summer"
"Pensacola","White Point Bar",1,3.27,0,7,16,23,6,7,11,2018,2018-07-11,7,"Summer"
"Pensacola","White Point Bar",2,3.97,0,7,15,22,4,7,11,2018,2018-07-11,7,"Summer"
"Pensacola","White Point Bar",3,3.69,0,13,8,21,7,7,11,2018,2018-07-11,7,"Summer"
"Pensacola","White Point Bar",4,4.75,0,13,15,28,7,7,11,2018,2018-07-11,7,"Summer"
"Pensacola","White Point Bar",5,3.3,0,13,18,31,4,7,11,2018,2018-07-11,7,"Summer"
"Pensacola","White Point Bar",1,3.69,0,11,7,18,3,7,11,2018,2018-07-11,7,"Summer"
"Pensacola","White Point Bar",2,2.05,0,3,0,3,1,7,11,2018,2018-07-11,7,"Summer"
"Pensacola","White Point Bar",3,2.6,0,7,7,14,0,7,11,2018,2018-07-11,7,"Summer"
"Pensacola","White Point Bar",4,3.03,0,3,14,17,0,7,11,2018,2018-07-11,7,"Summer"
"Pensacola","White Point Bar",5,2.51,0,5,4,9,2,7,11,2018,2018-07-11,7,"Summer"
"Pensacola","Trout Bayou",1,0.54,0,0,0,0,0,9,20,2017,2017-09-20,5,"Summer"
"Pensacola","Trout Bayou",2,0.33,0,0,0,0,0,9,20,2017,2017-09-20,5,"Summer"
"Pensacola","Trout Bayou",3,0.77,0,0,0,0,0,9,20,2017,2017-09-20,5,"Summer"
"Pensacola","Trout Bayou",4,0.53,0,0,0,0,0,9,20,2017,2017-09-20,5,"Summer"
"Pensacola","Trout Bayou",5,0.76,0,0,0,0,0,9,20,2017,2017-09-20,5,"Summer"
"Pensacola","Trout Bayou",1,0,0,0,0,0,0,9,20,2017,2017-09-20,5,"Summer"
"Pensacola","Trout Bayou",2,0.02,0,0,0,0,0,9,20,2017,2017-09-20,5,"Summer"
"Pensacola","Trout Bayou",3,0.02,0,0,0,0,0,9,20,2017,2017-09-20,5,"Summer"
"Pensacola","Trout Bayou",4,0,0,0,0,0,0,9,20,2017,2017-09-20,5,"Summer"
"Pensacola","Trout Bayou",5,0,0,0,0,0,0,9,20,2017,2017-09-20,5,"Summer"
"Pensacola","Trout Bayou",1,0.92,0,0,0,0,0,9,20,2017,2017-09-20,5,"Summer"
"Pensacola","Trout Bayou",2,0.82,0,0,0,0,0,9,20,2017,2017-09-20,5,"Summer"
"Pensacola","Trout Bayou",3,0.42,0,0,0,0,0,9,20,2017,2017-09-20,5,"Summer"
"Pensacola","Trout Bayou",4,0.71,0,0,1,1,0,9,20,2017,2017-09-20,5,"Summer"
"Pensacola","Trout Bayou",5,0.62,0,0,0,0,0,9,20,2017,2017-09-20,5,"Summer"
"Pensacola","Trout Bayou",1,2.93,0,0,0,0,2,9,20,2017,2017-09-20,5,"Summer"
"Pensacola","Trout Bayou",2,2.08,0,2,2,4,0,9,20,2017,2017-09-20,5,"Summer"
"Pensacola","Trout Bayou",3,3.3,0,0,0,0,2,9,20,2017,2017-09-20,5,"Summer"
"Pensacola","Trout Bayou",4,2.16,0,7,21,28,1,9,20,2017,2017-09-20,5,"Summer"
"Pensacola","Trout Bayou",5,2.85,1,1,9,11,4,9,20,2017,2017-09-20,5,"Summer"
"Pensacola","Trout Bayou",1,4.54,0,4,20,24,4,9,20,2017,2017-09-20,5,"Summer"
"Pensacola","Trout Bayou",2,4.84,0,1,38,39,9,9,20,2017,2017-09-20,5,"Summer"
"Pensacola","Trout Bayou",3,3.23,0,0,52,52,3,9,20,2017,2017-09-20,5,"Summer"
"Pensacola","Trout Bayou",4,3.5,0,8,27,35,8,9,20,2017,2017-09-20,5,"Summer"
"Pensacola","Trout Bayou",5,3.7,0,2,91,93,9,9,20,2017,2017-09-20,5,"Summer"
"Pensacola","Trout Bayou",1,8.31,0,1,36,37,11,9,20,2017,2017-09-20,5,"Summer"
"Pensacola","Trout Bayou",2,5.44,0,9,65,74,10,9,20,2017,2017-09-20,5,"Summer"
"Pensacola","Trout Bayou",3,2.24,0,4,22,26,3,9,20,2017,2017-09-20,5,"Summer"
"Pensacola","Trout Bayou",4,3.13,0,4,34,38,8,9,20,2017,2017-09-20,5,"Summer"
"Pensacola","Trout Bayou",5,3.2,0,4,57,61,3,9,20,2017,2017-09-20,5,"Summer"
"Pensacola","Trout Bayou",1,1.29,0,0,4,4,0,9,20,2017,2017-09-20,5,"Summer"
"Pensacola","Trout Bayou",2,1.84,0,0,15,15,0,9,20,2017,2017-09-20,5,"Summer"
"Pensacola","Trout Bayou",3,2.11,0,2,67,69,1,9,20,2017,2017-09-20,5,"Summer"
"Pensacola","Trout Bayou",4,1.07,0,0,4,4,0,9,20,2017,2017-09-20,5,"Summer"
"Pensacola","Trout Bayou",5,0.99,0,0,13,13,0,9,20,2017,2017-09-20,5,"Summer"
"Pensacola","Trout Bayou",1,2.43,0,2,72,74,1,9,20,2017,2017-09-20,5,"Summer"
"Pensacola","Trout Bayou",2,2.29,0,0,76,76,2,9,20,2017,2017-09-20,5,"Summer"
"Pensacola","Trout Bayou",3,2.33,0,1,128,129,0,9,20,2017,2017-09-20,5,"Summer"
"Pensacola","Trout Bayou",4,2.73,0,0,32,32,0,9,20,2017,2017-09-20,5,"Summer"
"Pensacola","Trout Bayou",5,1.76,0,2,61,63,0,9,20,2017,2017-09-20,5,"Summer"
"Pensacola","Trout Bayou",1,3.49,1,3,72,76,2,9,20,2017,2017-09-20,5,"Summer"
"Pensacola","Trout Bayou",2,2.63,0,1,99,100,1,9,20,2017,2017-09-20,5,"Summer"
"Pensacola","Trout Bayou",3,3.83,0,0,108,108,3,9,20,2017,2017-09-20,5,"Summer"
"Pensacola","Trout Bayou",4,3.83,0,5,107,112,6,9,20,2017,2017-09-20,5,"Summer"
"Pensacola","Trout Bayou",5,3.66,0,1,175,176,5,9,20,2017,2017-09-20,5,"Summer"
"Pensacola","Boathouse Lumps",1,1.67,0,5,73,78,6,9,20,2017,2017-09-20,5,"Summer"
"Pensacola","Boathouse Lumps",2,1.67,0,1,44,45,2,9,20,2017,2017-09-20,5,"Summer"
"Pensacola","Boathouse Lumps",3,0.31,0,0,2,2,0,9,20,2017,2017-09-20,5,"Summer"
"Pensacola","Boathouse Lumps",4,0.48,0,0,4,4,1,9,20,2017,2017-09-20,5,"Summer"
"Pensacola","Boathouse Lumps",5,2.57,0,0,98,98,3,9,20,2017,2017-09-20,5,"Summer"
"Pensacola","Boathouse Lumps",1,1.48,0,0,0,0,0,9,20,2017,2017-09-20,5,"Summer"
"Pensacola","Boathouse Lumps",2,1.65,0,0,0,0,0,9,20,2017,2017-09-20,5,"Summer"
"Pensacola","Boathouse Lumps",3,1.78,0,0,0,0,0,9,20,2017,2017-09-20,5,"Summer"
"Pensacola","Boathouse Lumps",4,1.76,0,0,1,1,0,9,20,2017,2017-09-20,5,"Summer"
"Pensacola","Boathouse Lumps",5,1.98,0,0,2,2,0,9,20,2017,2017-09-20,5,"Summer"
"Pensacola","Boathouse Lumps",1,1.44,0,3,38,41,1,9,20,2017,2017-09-20,5,"Summer"
"Pensacola","Boathouse Lumps",2,1.8,0,1,20,21,0,9,20,2017,2017-09-20,5,"Summer"
"Pensacola","Boathouse Lumps",3,2.39,0,3,50,53,1,9,20,2017,2017-09-20,5,"Summer"
"Pensacola","Boathouse Lumps",4,0.72,0,0,2,2,0,9,20,2017,2017-09-20,5,"Summer"
"Pensacola","Boathouse Lumps",5,0.94,0,0,1,1,0,9,20,2017,2017-09-20,5,"Summer"
"Pensacola","Boathouse Lumps",1,3.98,0,2,8,10,1,9,20,2017,2017-09-20,5,"Summer"
"Pensacola","Boathouse Lumps",2,6.6,0,1,25,26,6,9,20,2017,2017-09-20,5,"Summer"
"Pensacola","Boathouse Lumps",3,3.15,0,0,11,11,2,9,20,2017,2017-09-20,5,"Summer"
"Pensacola","Boathouse Lumps",4,3.5,0,7,1,8,6,9,20,2017,2017-09-20,5,"Summer"
"Pensacola","Boathouse Lumps",5,3.59,0,2,7,9,1,9,20,2017,2017-09-20,5,"Summer"
"Pensacola","Boathouse Lumps",1,3.85,0,2,15,17,2,9,20,2017,2017-09-20,5,"Summer"
"Pensacola","Boathouse Lumps",2,3.16,0,7,21,28,3,9,20,2017,2017-09-20,5,"Summer"
"Pensacola","Boathouse Lumps",3,3.42,0,1,1,2,1,9,20,2017,2017-09-20,5,"Summer"
"Pensacola","Boathouse Lumps",4,2.7,0,4,3,7,6,9,20,2017,2017-09-20,5,"Summer"
"Pensacola","Boathouse Lumps",5,3.41,0,3,1,4,7,9,20,2017,2017-09-20,5,"Summer"
"Pensacola","Boathouse Lumps",1,2.54,0,2,1,3,0,9,20,2017,2017-09-20,5,"Summer"
"Pensacola","Boathouse Lumps",2,1.22,0,0,0,0,0,9,20,2017,2017-09-20,5,"Summer"
"Pensacola","Boathouse Lumps",3,4.5,0,2,0,2,3,9,20,2017,2017-09-20,5,"Summer"
"Pensacola","Boathouse Lumps",4,1.97,1,0,0,1,1,9,20,2017,2017-09-20,5,"Summer"
"Pensacola","Boathouse Lumps",5,1.85,0,0,0,0,2,9,20,2017,2017-09-20,5,"Summer"
"Pensacola","Mussel Beds",1,1.72,0,0,7,7,0,9,21,2017,2017-09-21,5,"Summer"
"Pensacola","Mussel Beds",2,1.99,0,1,47,48,7,9,21,2017,2017-09-21,5,"Summer"
"Pensacola","Mussel Beds",3,1.44,0,0,13,13,4,9,21,2017,2017-09-21,5,"Summer"
"Pensacola","Mussel Beds",4,1.54,0,0,12,12,1,9,21,2017,2017-09-21,5,"Summer"
"Pensacola","Mussel Beds",5,1.95,0,0,10,10,3,9,21,2017,2017-09-21,5,"Summer"
"Pensacola","Mussel Beds",1,1.04,0,1,10,11,1,9,21,2017,2017-09-21,5,"Summer"
"Pensacola","Mussel Beds",2,0.75,0,0,11,11,7,9,21,2017,2017-09-21,5,"Summer"
"Pensacola","Mussel Beds",3,0.75,0,0,6,6,2,9,21,2017,2017-09-21,5,"Summer"
"Pensacola","Mussel Beds",4,0.91,0,0,7,7,10,9,21,2017,2017-09-21,5,"Summer"
"Pensacola","Mussel Beds",5,1.11,0,0,25,25,7,9,21,2017,2017-09-21,5,"Summer"
"Pensacola","Mussel Beds",1,0.4,0,0,2,2,1,9,21,2017,2017-09-21,5,"Summer"
"Pensacola","Mussel Beds",2,0.16,0,0,0,0,1,9,21,2017,2017-09-21,5,"Summer"
"Pensacola","Mussel Beds",3,0.1,0,0,0,0,0,9,21,2017,2017-09-21,5,"Summer"
"Pensacola","Mussel Beds",4,0.27,0,0,6,6,0,9,21,2017,2017-09-21,5,"Summer"
"Pensacola","Mussel Beds",5,0.2,0,1,5,6,0,9,21,2017,2017-09-21,5,"Summer"
"Pensacola","No Name Bar",1,2.4,0,21,23,44,2,9,21,2017,2017-09-21,5,"Summer"
"Pensacola","No Name Bar",2,2.17,0,10,11,21,2,9,21,2017,2017-09-21,5,"Summer"
"Pensacola","No Name Bar",3,2.03,0,17,8,25,5,9,21,2017,2017-09-21,5,"Summer"
"Pensacola","No Name Bar",4,2.06,0,15,9,24,3,9,21,2017,2017-09-21,5,"Summer"
"Pensacola","No Name Bar",5,3.64,0,13,15,28,5,9,21,2017,2017-09-21,5,"Summer"
"Pensacola","No Name Bar",1,0.85,0,4,17,21,3,9,21,2017,2017-09-21,5,"Summer"
"Pensacola","No Name Bar",2,0.89,0,4,4,8,3,9,21,2017,2017-09-21,5,"Summer"
"Pensacola","No Name Bar",3,0.6,0,7,5,12,3,9,21,2017,2017-09-21,5,"Summer"
"Pensacola","No Name Bar",4,0.7,0,10,7,17,3,9,21,2017,2017-09-21,5,"Summer"
"Pensacola","No Name Bar",5,0.7,0,3,8,11,2,9,21,2017,2017-09-21,5,"Summer"
"Pensacola","No Name Bar",1,2.33,0,15,50,65,9,9,21,2017,2017-09-21,5,"Summer"
"Pensacola","No Name Bar",2,2.08,0,17,24,41,8,9,21,2017,2017-09-21,5,"Summer"
"Pensacola","No Name Bar",3,1.81,0,18,13,31,1,9,21,2017,2017-09-21,5,"Summer"
"Pensacola","No Name Bar",4,2.18,0,27,14,41,3,9,21,2017,2017-09-21,5,"Summer"
"Pensacola","No Name Bar",5,2.69,0,20,18,38,4,9,21,2017,2017-09-21,5,"Summer"
"Pensacola","Point No Point Bar",1,0.18,0,0,0,0,0,9,21,2017,2017-09-21,5,"Summer"
"Pensacola","Point No Point Bar",2,0.99,0,0,0,0,4,9,21,2017,2017-09-21,5,"Summer"
"Pensacola","Point No Point Bar",3,0.45,0,0,0,0,1,9,21,2017,2017-09-21,5,"Summer"
"Pensacola","Point No Point Bar",4,2.01,0,0,0,0,15,9,21,2017,2017-09-21,5,"Summer"
"Pensacola","Point No Point Bar",5,1.51,0,0,0,0,3,9,21,2017,2017-09-21,5,"Summer"
"Pensacola","Point No Point Bar",1,0.55,0,0,0,0,2,9,21,2017,2017-09-21,5,"Summer"
"Pensacola","Point No Point Bar",2,0.27,0,0,0,0,0,9,21,2017,2017-09-21,5,"Summer"
"Pensacola","Point No Point Bar",3,0.31,0,0,0,0,1,9,21,2017,2017-09-21,5,"Summer"
"Pensacola","Point No Point Bar",4,0,0,0,0,0,0,9,21,2017,2017-09-21,5,"Summer"
"Pensacola","Point No Point Bar",5,0,0,0,0,0,0,9,21,2017,2017-09-21,5,"Summer"
"Pensacola","Point No Point Bar",1,0.34,0,0,1,1,4,9,21,2017,2017-09-21,5,"Summer"
"Pensacola","Point No Point Bar",2,0.57,0,0,0,0,0,9,21,2017,2017-09-21,5,"Summer"
"Pensacola","Point No Point Bar",3,0.34,0,0,0,0,1,9,21,2017,2017-09-21,5,"Summer"
"Pensacola","Point No Point Bar",4,0.47,0,1,1,2,4,9,21,2017,2017-09-21,5,"Summer"
"Pensacola","Point No Point Bar",5,0.44,0,1,1,2,0,9,21,2017,2017-09-21,5,"Summer"
"Pensacola","Escribano Point",1,0.5,0,0,0,0,1,9,21,2017,2017-09-21,5,"Summer"
"Pensacola","Escribano Point",2,0.29,0,0,0,0,1,9,21,2017,2017-09-21,5,"Summer"
"Pensacola","Escribano Point",3,0.51,0,0,0,0,0,9,21,2017,2017-09-21,5,"Summer"
"Pensacola","Escribano Point",4,0.54,0,0,0,0,1,9,21,2017,2017-09-21,5,"Summer"
"Pensacola","Escribano Point",5,0.66,0,0,0,0,0,9,21,2017,2017-09-21,5,"Summer"
"Pensacola","Escribano Point",1,1.82,0,0,0,0,40,9,21,2017,2017-09-21,5,"Summer"
"Pensacola","Escribano Point",2,2.58,0,0,0,0,63,9,21,2017,2017-09-21,5,"Summer"
"Pensacola","Escribano Point",3,3.69,0,0,0,0,38,9,21,2017,2017-09-21,5,"Summer"
"Pensacola","Escribano Point",4,2.24,0,0,0,0,29,9,21,2017,2017-09-21,5,"Summer"
"Pensacola","Escribano Point",5,2.31,0,0,0,0,24,9,21,2017,2017-09-21,5,"Summer"
"Pensacola","Escribano Point",1,2.1,0,0,0,0,6,9,21,2017,2017-09-21,5,"Summer"
"Pensacola","Escribano Point",2,2.19,0,0,0,0,15,9,21,2017,2017-09-21,5,"Summer"
"Pensacola","Escribano Point",3,1.55,0,0,0,0,11,9,21,2017,2017-09-21,5,"Summer"
"Pensacola","Escribano Point",4,3.07,0,0,2,2,83,9,21,2017,2017-09-21,5,"Summer"
"Pensacola","Escribano Point",5,2.85,0,0,3,3,51,9,21,2017,2017-09-21,5,"Summer"
"Pensacola","Escribano Point",1,3.72,0,0,0,0,11,9,21,2017,2017-09-21,5,"Summer"
"Pensacola","Escribano Point",2,3.11,0,0,0,0,19,9,21,2017,2017-09-21,5,"Summer"
"Pensacola","Escribano Point",3,3.36,0,0,0,0,19,9,21,2017,2017-09-21,5,"Summer"
"Pensacola","Escribano Point",4,3.45,0,0,0,0,25,9,21,2017,2017-09-21,5,"Summer"
"Pensacola","Escribano Point",5,3.56,0,0,0,0,19,9,21,2017,2017-09-21,5,"Summer"
"Pensacola","Escribano Point",1,1.39,0,0,0,0,18,9,21,2017,2017-09-21,5,"Summer"
"Pensacola","Escribano Point",2,1.49,0,0,0,0,9,9,21,2017,2017-09-21,5,"Summer"
"Pensacola","Escribano Point",3,1.42,0,0,0,0,15,9,21,2017,2017-09-21,5,"Summer"
"Pensacola","Escribano Point",4,2.11,0,0,0,0,32,9,21,2017,2017-09-21,5,"Summer"
"Pensacola","Escribano Point",5,2.48,0,0,0,0,30,9,21,2017,2017-09-21,5,"Summer"
"Pensacola","Escribano Point",1,1.81,0,0,0,0,5,9,21,2017,2017-09-21,5,"Summer"
"Pensacola","Escribano Point",2,1.36,0,0,0,0,13,9,21,2017,2017-09-21,5,"Summer"
"Pensacola","Escribano Point",3,2.21,0,0,0,0,33,9,21,2017,2017-09-21,5,"Summer"
"Pensacola","Escribano Point",4,1.83,0,0,0,0,12,9,21,2017,2017-09-21,5,"Summer"
"Pensacola","Escribano Point",5,2.15,0,0,0,0,16,9,21,2017,2017-09-21,5,"Summer"
"Pensacola","East River",1,0,0,0,0,0,0,10,30,2017,2017-10-30,6,"Winter"
"Pensacola","East River",2,0,0,0,0,0,0,10,30,2017,2017-10-30,6,"Winter"
"Pensacola","East River",3,0,0,0,0,0,0,10,30,2017,2017-10-30,6,"Winter"
"Pensacola","East River",4,0,0,0,0,0,0,10,30,2017,2017-10-30,6,"Winter"
"Pensacola","East River",5,0,0,0,0,0,0,10,30,2017,2017-10-30,6,"Winter"
"Pensacola","East River",1,0,0,0,0,0,0,10,30,2017,2017-10-30,6,"Winter"
"Pensacola","East River",2,0,0,0,0,0,0,10,30,2017,2017-10-30,6,"Winter"
"Pensacola","East River",3,0,0,0,0,0,0,10,30,2017,2017-10-30,6,"Winter"
"Pensacola","East River",4,0,0,0,0,0,0,10,30,2017,2017-10-30,6,"Winter"
"Pensacola","East River",5,0,0,0,0,0,0,10,30,2017,2017-10-30,6,"Winter"
"Pensacola","East River",1,0,0,0,0,0,0,10,30,2017,2017-10-30,6,"Winter"
"Pensacola","East River",2,0,0,0,0,0,0,10,30,2017,2017-10-30,6,"Winter"
"Pensacola","East River",3,0,0,0,0,0,0,10,30,2017,2017-10-30,6,"Winter"
"Pensacola","East River",4,0,0,0,0,0,0,10,30,2017,2017-10-30,6,"Winter"
"Pensacola","East River",5,0,0,0,0,0,0,10,30,2017,2017-10-30,6,"Winter"
"Pensacola","East River",1,2.1,0,10,3,13,1,10,31,2017,2017-10-31,6,"Winter"
"Pensacola","East River",2,1.72,0,11,3,14,2,10,31,2017,2017-10-31,6,"Winter"
"Pensacola","East River",3,2.05,0,8,3,11,2,10,31,2017,2017-10-31,6,"Winter"
"Pensacola","East River",4,2.15,0,7,0,7,3,10,31,2017,2017-10-31,6,"Winter"
"Pensacola","East River",5,2.15,0,10,2,12,5,10,31,2017,2017-10-31,6,"Winter"
"Pensacola","East River",1,3.27,0,11,2,13,0,10,31,2017,2017-10-31,6,"Winter"
"Pensacola","East River",2,2.21,0,6,4,10,5,10,31,2017,2017-10-31,6,"Winter"
"Pensacola","East River",3,2.36,0,5,0,5,7,10,31,2017,2017-10-31,6,"Winter"
"Pensacola","East River",4,3.31,0,20,7,27,1,10,31,2017,2017-10-31,6,"Winter"
"Pensacola","East River",5,3.51,0,21,3,24,3,10,31,2017,2017-10-31,6,"Winter"
"Pensacola","East River",1,1.01,0,2,1,3,1,10,31,2017,2017-10-31,6,"Winter"
"Pensacola","East River",2,0.6,0,1,0,1,0,10,31,2017,2017-10-31,6,"Winter"
"Pensacola","East River",3,0.8,0,3,0,3,0,10,31,2017,2017-10-31,6,"Winter"
"Pensacola","East River",4,2,0,6,0,6,1,10,31,2017,2017-10-31,6,"Winter"
"Pensacola","East River",5,1.21,0,1,1,2,0,10,31,2017,2017-10-31,6,"Winter"
"Pensacola","East River",1,7.81,2,84,41,127,9,10,31,2017,2017-10-31,6,"Winter"
"Pensacola","East River",2,6.98,0,57,35,92,7,10,31,2017,2017-10-31,6,"Winter"
"Pensacola","East River",3,4.9,6,60,26,92,4,10,31,2017,2017-10-31,6,"Winter"
"Pensacola","East River",4,6.93,0,86,20,106,4,10,31,2017,2017-10-31,6,"Winter"
"Pensacola","East River",5,6.9,0,65,9,74,6,10,31,2017,2017-10-31,6,"Winter"
"Pensacola","East River",1,4.95,0,46,15,61,1,10,31,2017,2017-10-31,6,"Winter"
"Pensacola","East River",2,6.23,0,44,27,71,3,10,31,2017,2017-10-31,6,"Winter"
"Pensacola","East River",3,6.58,0,44,10,54,2,10,31,2017,2017-10-31,6,"Winter"
"Pensacola","East River",4,4.26,2,29,15,46,6,10,31,2017,2017-10-31,6,"Winter"
"Pensacola","East River",5,6.48,3,53,14,70,3,10,31,2017,2017-10-31,6,"Winter"
"Pensacola","East River",1,3.84,0,21,24,45,0,10,31,2017,2017-10-31,6,"Winter"
"Pensacola","East River",2,5.61,0,39,66,105,0,10,31,2017,2017-10-31,6,"Winter"
"Pensacola","East River",3,5.4,0,64,49,113,1,10,31,2017,2017-10-31,6,"Winter"
"Pensacola","East River",4,4.05,0,34,33,67,1,10,31,2017,2017-10-31,6,"Winter"
"Pensacola","East River",5,4.65,0,19,41,60,1,10,31,2017,2017-10-31,6,"Winter"
"Pensacola","East River",1,0.03,0,0,0,0,0,10,30,2017,2017-10-30,6,"Winter"
"Pensacola","East River",2,0.06,0,0,0,0,0,10,30,2017,2017-10-30,6,"Winter"
"Pensacola","East River",3,0.09,0,0,0,0,0,10,30,2017,2017-10-30,6,"Winter"
"Pensacola","East River",4,0.09,0,0,0,0,0,10,30,2017,2017-10-30,6,"Winter"
"Pensacola","East River",5,0.21,0,0,0,0,0,10,30,2017,2017-10-30,6,"Winter"
"Pensacola","East River",1,0.22,0,0,0,0,0,10,30,2017,2017-10-30,6,"Winter"
"Pensacola","East River",2,0.53,0,1,0,1,0,10,30,2017,2017-10-30,6,"Winter"
"Pensacola","East River",3,0.27,0,0,0,0,0,10,30,2017,2017-10-30,6,"Winter"
"Pensacola","East River",4,0.31,0,0,0,0,0,10,30,2017,2017-10-30,6,"Winter"
"Pensacola","East River",5,0.44,0,0,0,0,0,10,30,2017,2017-10-30,6,"Winter"
"Pensacola","East River",1,0.14,0,0,0,0,0,10,30,2017,2017-10-30,6,"Winter"
"Pensacola","East River",2,0.14,0,0,0,0,0,10,30,2017,2017-10-30,6,"Winter"
"Pensacola","East River",3,0,0,0,0,0,0,10,30,2017,2017-10-30,6,"Winter"
"Pensacola","East River",4,0,0,0,0,0,0,10,30,2017,2017-10-30,6,"Winter"
"Pensacola","East River",5,0,0,0,0,0,0,10,30,2017,2017-10-30,6,"Winter"
"Pensacola","Square Bar",1,1.63,0,12,15,27,2,10,30,2017,2017-10-30,6,"Winter"
"Pensacola","Square Bar",2,2.06,0,27,9,36,9,10,30,2017,2017-10-30,6,"Winter"
"Pensacola","Square Bar",3,2.53,0,22,14,36,5,10,30,2017,2017-10-30,6,"Winter"
"Pensacola","Square Bar",4,1.81,0,20,7,27,1,10,30,2017,2017-10-30,6,"Winter"
"Pensacola","Square Bar",5,2.55,0,14,9,23,6,10,30,2017,2017-10-30,6,"Winter"
"Pensacola","Square Bar",1,1.52,0,5,13,18,8,10,30,2017,2017-10-30,6,"Winter"
"Pensacola","Square Bar",2,2.48,0,18,16,34,0,10,30,2017,2017-10-30,6,"Winter"
"Pensacola","Square Bar",3,2.58,0,8,20,28,3,10,30,2017,2017-10-30,6,"Winter"
"Pensacola","Square Bar",4,2.02,0,18,7,25,4,10,30,2017,2017-10-30,6,"Winter"
"Pensacola","Square Bar",5,2.33,0,9,11,20,6,10,30,2017,2017-10-30,6,"Winter"
"Pensacola","Square Bar",1,2.19,0,8,16,24,1,10,30,2017,2017-10-30,6,"Winter"
"Pensacola","Square Bar",2,1.61,0,7,21,28,1,10,30,2017,2017-10-30,6,"Winter"
"Pensacola","Square Bar",3,2.02,0,9,21,30,4,10,30,2017,2017-10-30,6,"Winter"
"Pensacola","Square Bar",4,2.38,0,17,14,31,1,10,30,2017,2017-10-30,6,"Winter"
"Pensacola","Square Bar",5,1.74,0,10,12,22,2,10,30,2017,2017-10-30,6,"Winter"
"Pensacola","White Point Bar",1,1.55,0,1,2,3,29,10,30,2017,2017-10-30,6,"Winter"
"Pensacola","White Point Bar",2,2.89,0,1,0,1,9,10,30,2017,2017-10-30,6,"Winter"
"Pensacola","White Point Bar",3,1.77,0,2,0,2,17,10,30,2017,2017-10-30,6,"Winter"
"Pensacola","White Point Bar",4,2.44,0,0,0,0,44,10,30,2017,2017-10-30,6,"Winter"
"Pensacola","White Point Bar",5,0.03,0,0,0,0,2,10,30,2017,2017-10-30,6,"Winter"
"Pensacola","White Point Bar",1,2.86,0,1,0,1,27,10,30,2017,2017-10-30,6,"Winter"
"Pensacola","White Point Bar",2,3.23,0,1,2,3,36,10,30,2017,2017-10-30,6,"Winter"
"Pensacola","White Point Bar",3,2.92,0,0,0,0,48,10,30,2017,2017-10-30,6,"Winter"
"Pensacola","White Point Bar",4,2.26,0,0,2,2,22,10,30,2017,2017-10-30,6,"Winter"
"Pensacola","White Point Bar",5,4.08,0,5,1,6,8,10,30,2017,2017-10-30,6,"Winter"
"Pensacola","White Point Bar",1,3.44,0,0,2,2,22,10,30,2017,2017-10-30,6,"Winter"
"Pensacola","White Point Bar",2,3.97,0,0,0,0,24,10,30,2017,2017-10-30,6,"Winter"
"Pensacola","White Point Bar",3,2.01,0,0,0,0,16,10,30,2017,2017-10-30,6,"Winter"
"Pensacola","White Point Bar",4,3.64,0,1,1,2,13,10,30,2017,2017-10-30,6,"Winter"
"Pensacola","White Point Bar",5,2.84,0,0,1,1,39,10,30,2017,2017-10-30,6,"Winter"
"Pensacola","White Point Bar",1,1.73,0,1,0,1,4,10,30,2017,2017-10-30,6,"Winter"
"Pensacola","White Point Bar",2,3.06,0,0,0,0,11,10,30,2017,2017-10-30,6,"Winter"
"Pensacola","White Point Bar",3,2.81,0,1,0,1,11,10,30,2017,2017-10-30,6,"Winter"
"Pensacola","White Point Bar",4,1.99,0,0,0,0,4,10,30,2017,2017-10-30,6,"Winter"
"Pensacola","White Point Bar",5,0.74,0,0,0,0,3,10,30,2017,2017-10-30,6,"Winter"
"Pensacola","White Point Bar",1,2.54,0,1,1,2,22,10,30,2017,2017-10-30,6,"Winter"
"Pensacola","White Point Bar",2,2.9,0,3,0,3,28,10,30,2017,2017-10-30,6,"Winter"
"Pensacola","White Point Bar",3,2.66,0,6,1,7,5,10,30,2017,2017-10-30,6,"Winter"
"Pensacola","White Point Bar",4,3.53,0,5,9,14,14,10,30,2017,2017-10-30,6,"Winter"
"Pensacola","White Point Bar",5,2.93,0,1,1,2,22,10,30,2017,2017-10-30,6,"Winter"
"Pensacola","White Point Bar",1,2.11,0,1,0,1,18,10,30,2017,2017-10-30,6,"Winter"
"Pensacola","White Point Bar",2,1.57,0,0,0,0,17,10,30,2017,2017-10-30,6,"Winter"
"Pensacola","White Point Bar",3,2.38,0,3,0,3,17,10,30,2017,2017-10-30,6,"Winter"
"Pensacola","White Point Bar",4,2.24,0,0,1,1,4,10,30,2017,2017-10-30,6,"Winter"
"Pensacola","White Point Bar",5,1.52,0,0,0,0,21,10,30,2017,2017-10-30,6,"Winter"
"Pensacola","Half Moon Bar",1,2.52,0,16,22,38,3,10,30,2017,2017-10-30,6,"Winter"
"Pensacola","Half Moon Bar",2,3.05,0,20,39,59,3,10,30,2017,2017-10-30,6,"Winter"
"Pensacola","Half Moon Bar",3,2.55,0,22,31,53,0,10,30,2017,2017-10-30,6,"Winter"
"Pensacola","Half Moon Bar",4,3.68,0,16,30,46,3,10,30,2017,2017-10-30,6,"Winter"
"Pensacola","Half Moon Bar",5,2.54,0,12,40,52,5,10,30,2017,2017-10-30,6,"Winter"
"Pensacola","Half Moon Bar",1,1.65,0,23,14,37,3,10,31,2017,2017-10-31,6,"Winter"
"Pensacola","Half Moon Bar",2,3.2,0,29,27,56,4,10,31,2017,2017-10-31,6,"Winter"
"Pensacola","Half Moon Bar",3,1.07,0,15,28,43,2,10,31,2017,2017-10-31,6,"Winter"
"Pensacola","Half Moon Bar",4,2.58,0,35,18,53,5,10,31,2017,2017-10-31,6,"Winter"
"Pensacola","Half Moon Bar",5,2.11,0,35,9,44,6,10,31,2017,2017-10-31,6,"Winter"
"Pensacola","Half Moon Bar",1,3.01,0,15,26,41,0,10,30,2017,2017-10-30,6,"Winter"
"Pensacola","Half Moon Bar",2,2.58,0,39,17,56,3,10,30,2017,2017-10-30,6,"Winter"
"Pensacola","Half Moon Bar",3,3.97,0,32,32,64,2,10,30,2017,2017-10-30,6,"Winter"
"Pensacola","Half Moon Bar",4,3.04,0,25,34,59,1,10,30,2017,2017-10-30,6,"Winter"
"Pensacola","Half Moon Bar",5,3.46,0,34,24,58,3,10,30,2017,2017-10-30,6,"Winter"
"Pensacola","Big John Bar",1,1.98,0,5,3,8,4,10,31,2017,2017-10-31,6,"Winter"
"Pensacola","Big John Bar",2,2.41,0,9,2,11,9,10,31,2017,2017-10-31,6,"Winter"
"Pensacola","Big John Bar",3,3.45,0,15,2,17,11,10,31,2017,2017-10-31,6,"Winter"
"Pensacola","Big John Bar",4,2.69,0,6,6,12,11,10,31,2017,2017-10-31,6,"Winter"
"Pensacola","Big John Bar",5,2.52,0,9,1,10,7,10,31,2017,2017-10-31,6,"Winter"
"Pensacola","Big John Bar",1,4.87,0,27,6,33,0,10,31,2017,2017-10-31,6,"Winter"
"Pensacola","Big John Bar",2,6.48,0,36,8,44,0,10,31,2017,2017-10-31,6,"Winter"
"Pensacola","Big John Bar",3,5.5,0,20,14,34,1,10,31,2017,2017-10-31,6,"Winter"
"Pensacola","Big John Bar",4,6.65,0,44,10,54,2,10,31,2017,2017-10-31,6,"Winter"
"Pensacola","Big John Bar",5,5.63,0,26,11,37,2,10,31,2017,2017-10-31,6,"Winter"
"Pensacola","Big John Bar",1,6.08,0,16,9,25,4,10,31,2017,2017-10-31,6,"Winter"
"Pensacola","Big John Bar",2,2.13,0,6,1,7,5,10,31,2017,2017-10-31,6,"Winter"
"Pensacola","Big John Bar",3,2.92,0,23,2,25,14,10,31,2017,2017-10-31,6,"Winter"
"Pensacola","Big John Bar",4,5.03,0,16,2,18,14,10,31,2017,2017-10-31,6,"Winter"
"Pensacola","Big John Bar",5,4.84,0,22,3,25,27,10,31,2017,2017-10-31,6,"Winter"
